source,headline,description,published,pred_3class,pred_3class_label,prob_not_clickbait,prob_ambiguous,prob_clickbait,pred_truthmean_reg,model_confidence
CNN Politics,Trump's 'final' deadline for Iran to make a deal is just hours away,The President issued an 8 p.m. ET deadline for the reopening of the Strait of Hormuz.,,0,not_clickbait,0.7699861,0.22415328,0.005860673,0.11700598,0.7699861
Fox News,Artemis II crew emerges from communications blackout after vessel passes far side of the moon,NASA confirms the four-person crew is safe after the critical lunar flyby.,,0,not_clickbait,0.67946595,0.31441048,0.006123512,0.15582883,0.67946595
NYT Business,"FDA approves Eli Lilly’s new daily weight-loss pill, orforglipron","The pill, sold as Foundayo, is a more convenient alternative to weekly injections.",,0,not_clickbait,0.68971235,0.3015567,0.008730879,0.15634912,0.68971235
Yahoo News,Michigan topples UConn to win first NCAA basketball championship since 1989,The Wolverines secured the title with a dominant performance in the final.,,0,not_clickbait,0.7787407,0.21957065,0.0016886543,0.10769489,0.7787407
Fox News,"Multiple aircraft destroyed in mission to rescue US airmen in Iran, no casualties",The high-risk extraction in the Iranian desert resulted in hardware loss but no loss of life.,,0,not_clickbait,0.6462003,0.34621003,0.0075896177,0.1692133,0.6462003
CNN Business,Delta raises checked bag fees to $45 as fuel costs soar,Airlines are passing along higher costs to consumers amid Middle East supply chain rattling.,,0,not_clickbait,0.7666531,0.22779943,0.005547471,0.12171224,0.7666531
NYT Science,Exposure to plastic additive DEHP linked to nearly 2 million preterm births,A study led by NYU Langone warns of the global health impact of certain phthalates.,,0,not_clickbait,0.5472506,0.43228137,0.020468006,0.24990746,0.5472506
Yahoo News,Why your AT&T unlimited plan could cost $20 more each month starting this month,Price hikes take effect as telecommunications companies adjust to infrastructure demands.,,1,ambiguous,0.11816714,0.58858204,0.29325074,0.5328765,0.58858204
Fox News,Mamdani unveils new 'racial equity plan' and gets brutal wakeup call from Trump's DOJ,New York's mayor faces federal pushback over his five-borough cost-of-living initiative.,,0,not_clickbait,0.5243435,0.46386525,0.0117912665,0.26703277,0.5243435
CNN Politics,"5 things to know for April 7: Historic spaceflight, Tax refunds, Iran war",A morning briefing on the most critical developments for Tuesday.,,1,ambiguous,0.08394557,0.66640943,0.24964498,0.5167464,0.66640943
NYT Health,The Food and Drug Administration's 'breakthrough' designation is prioritizing AI tools,Report shows cancer and cardiovascular AI devices represent the largest categories for fast-tracking.,,0,not_clickbait,0.6163686,0.37764132,0.0059900824,0.2347327,0.6163686
Yahoo Finance,"Bitcoin reaches all-time high of $126,080 on institutional inflows","The cryptocurrency hit its peak on October 6, 2025, during the ""Crypto President"" era.",,0,not_clickbait,0.7119405,0.27482435,0.01323509,0.1503278,0.7119405
Fox News,"3 gunmen open fire outside Israeli consulate in Istanbul, dubbed 'terrorists' by Turkish official",Local police have cordoned off the Levent district as investigation begins.,,0,not_clickbait,0.7549368,0.24019548,0.004867651,0.13007756,0.7549368
NYT Archives,The White House frames the past by erasing parts of it,Analysis of the removal of climate and immigration data from federal websites in 2025.,,0,not_clickbait,0.49728268,0.47736678,0.02535051,0.29022738,0.49728268
CNN Tech,"NYT union tells management its AI standards are ""woefully inadequate""",Newsroom staff express concerns over generative AI's role in editorial workflows.,,0,not_clickbait,0.691384,0.30083248,0.0077835205,0.18512551,0.691384
Yahoo News,Cause of death revealed for 'Deadliest Catch' deckhand Todd Meadows,Authorities release findings regarding the tragic loss of the 25-year-old crew member.,,0,not_clickbait,0.6304951,0.36154997,0.007954987,0.19270487,0.6304951
Fox News,Trump administration terminates agreements with districts on transgender students,The Education Department rescinded portions of civil rights settlements from previous years.,,0,not_clickbait,0.7526544,0.24157143,0.005774181,0.15441132,0.7526544
NYT World,Iran sends 10-point response to US proposals for ending the war,Pakistan-mediated response calls for a permanent end to strikes and lifting of sanctions.,,0,not_clickbait,0.6445588,0.3441621,0.011279076,0.2074496,0.6445588
CNN Business,Amazon and other companies introduce fuel surcharges for 2026 deliveries,Logistics giants pivot to cover rising energy costs affecting the global supply chain.,,0,not_clickbait,0.73431325,0.2578038,0.007882957,0.16587918,0.73431325
Fox News,Vanderbilt heiress Belle Burden warns of financial 'red flags' she missed during marriage,A personal account of wealth management and marital financial transparency.,,1,ambiguous,0.29704794,0.64277065,0.060181458,0.38259262,0.64277065
NYT Opinion,When War Crimes Rhetoric Becomes Battlefield Reality: The Slippery Slope to Total War,An analysis of the escalatory language used in the 2026 Iran-US conflict.,,0,not_clickbait,0.50715125,0.46693745,0.025911292,0.2910336,0.50715125
Yahoo News,Woman gives birth midflight as air traffic controller suggests fitting name for baby,A rare mid-air delivery on a flight to Denver makes national headlines.,,1,ambiguous,0.3830216,0.565299,0.051679384,0.33375448,0.565299
Fox News,Victor Wembanyama's MVP candidacy at risk after another injury right before playoffs,The NBA star's health becomes a focal point for the Spurs' postseason hopes.,,0,not_clickbait,0.6665037,0.33062446,0.002871727,0.1610765,0.6665037
CNN Health,The subtle warning signs of a 'mini stroke' — and who's most at risk,Neurologists emphasize the 'BE FAST' acronym for identifying transient ischemic attacks.,,2,clickbait,0.049740575,0.4697822,0.48047712,0.6032208,0.48047712
NYT Tech,Newly obtained video of Minneapolis shooting undermines ICE account,Visual evidence contradicts federal statements regarding a controversial law enforcement incident.,,1,ambiguous,0.43320757,0.5481347,0.018657785,0.31683668,0.5481347
Yahoo News,"Yahoo to lay off 2,000 workers to 'reshape' company future",The 14% staff reduction is part of a broader annualized savings plan.,,0,not_clickbait,0.72809654,0.26080778,0.011095647,0.15209574,0.72809654
Fox News,CM Punk torches Pat McAfee after he's inserted into major WWE feud,Sports entertainment news ahead of the WrestleMania 42 main events.,,0,not_clickbait,0.6101403,0.38241664,0.007443004,0.1948784,0.6101403
CNN Politics,Georgia special election to replace Marjorie Taylor Greene enters runoff,Candidate Shawn Harris faces a high-stakes battle for the vacated 14th District seat.,,0,not_clickbait,0.76919717,0.22920948,0.001593422,0.11837101,0.76919717
NYT World,Israel-Gaza War: Strike kills 10 outside school housing displaced Palestinians,Ongoing conflict in the region results in further civilian casualties in Gaza City.,,0,not_clickbait,0.7960729,0.20091647,0.0030105829,0.1088089,0.7960729
Fox News,California's $20 minimum wage for fast-food workers led to 'negative outcomes',Researchers analyze the economic impact of the state's wage hike on local businesses.,,0,not_clickbait,0.70654726,0.2857738,0.007679012,0.17050539,0.70654726
CNN Tech,OpenAI shuts down Sora video platform to focus on agentic AI,CEO Sam Altman confirms the shuttering of the generative video tool.,,0,not_clickbait,0.6977309,0.29524142,0.0070277317,0.16075034,0.6977309
NYT Business,"Two more drug giants, Abbvie and Genentech, to officially launch on TrumpRx",The administration's drug-pricing platform adds new pharmaceutical partners.,,0,not_clickbait,0.6430755,0.3386889,0.018235544,0.19154054,0.6430755
Yahoo News,First report of Taylor Swift and Travis Kelce's romance is gone from the web,Digital archivists note the disappearance of early 2023 celebrity coverage.,,1,ambiguous,0.48573363,0.4888718,0.025394494,0.30051124,0.4888718
Fox News,Trump-backed candidate aims to pad GOP's fragile House majority in MTG's seat,The special election becomes a litmus test for the 2026 midterms.,,0,not_clickbait,0.555591,0.43257836,0.011830664,0.26166448,0.555591
CNN World,IEA releases 400 million barrels of emergency oil to calm global markets,A 32-nation coalition attempts to lower energy prices during the Middle East conflict.,,0,not_clickbait,0.6723127,0.3175797,0.010107707,0.18124968,0.6723127
NYT Science,Artemis II mission breaks record for farthest human travel from Earth,"NASA’s Orion capsule traveled 400,000 kilometers away from our home planet.",,0,not_clickbait,0.5199888,0.47408277,0.005928457,0.24009924,0.5199888
Yahoo News,Air Force erases first female Thunderbird pilot's achievements from websites,Removal of Major Michelle Curran's bio sparks debate over digital archiving.,,0,not_clickbait,0.5138985,0.47179225,0.01430923,0.2577568,0.5138985
Fox News,Probe to snare Iran rescue leaker 'underway' as Trump threatens jail,The White House seeks to identify who leaked the specifics of the airman rescue mission.,,1,ambiguous,0.37581676,0.6017027,0.022480566,0.35689268,0.6017027
CNN Health,"Flu shot effective at keeping kids out of hospital, new CDC data shows",High efficacy rates reported for the 2025-2026 pediatric flu season.,,0,not_clickbait,0.6781204,0.31784946,0.004030156,0.16693436,0.6781204
NYT Business,Berkshire Hathaway cash pile hits record $200B,Warren Buffett maintains a massive liquidity position as he waits for investment opportunities.,,0,not_clickbait,0.65962476,0.33304045,0.007334786,0.18056293,0.65962476
Fox News,"Home robot cooks, cleans and organizes your life",A new consumer-grade domestic robot is unveiled at the 2026 Tech Expo.,,1,ambiguous,0.35786003,0.5962032,0.045936782,0.36815605,0.5962032
CNN Politics,Trump signs executive order cutting federal USAID funding,The 'One Big Beautiful Bill' initiative redirects funds toward domestic border security.,,0,not_clickbait,0.6751395,0.31769815,0.0071623405,0.18118088,0.6751395
Yahoo News,US National Debt surpasses $35 trillion as interest rates remain high,Treasury report highlights the fiscal challenges facing the federal budget in 2026.,,0,not_clickbait,0.70963675,0.28439134,0.00597192,0.15364216,0.70963675
NYT World,Russian satellites surveyed 36 Middle Eastern 'objects' before Iranian strikes,Intelligence reports suggest collaboration between Moscow and Tehran in the conflict.,,1,ambiguous,0.49226913,0.50150377,0.0062271673,0.2577955,0.50150377
Fox News,Mets make amends with team legend involved in Astros' sign-stealing scandal,Carlos Beltran returns to the organization in a front-office capacity.,,0,not_clickbait,0.6741323,0.32026562,0.005602125,0.16904354,0.6741323
CNN Business,"Kalshi CEO expects feds to probe ""bad actors"" on prediction markets",Rising use of betting platforms for election outcomes draws regulatory scrutiny.,,0,not_clickbait,0.62165976,0.36939767,0.008942488,0.2048954,0.62165976
NYT Science,Perseverance rover identifies liquid water signatures in Martian crater,"NASA scientists provide proof of active, salty water on the Martian surface.",,1,ambiguous,0.4933112,0.49907634,0.0076124948,0.26084563,0.49907634
Yahoo News,"Apple unveils ""Apple Intelligence Pro"" for enterprise-grade privacy",New suite allows companies to keep AI data on-device rather than in the cloud.,,0,not_clickbait,0.6621992,0.33092198,0.0068787555,0.2089194,0.6621992
Fox News,ICE arrests illegal immigrant accused of kidnapping 4-year-old girl from laundromat,Enforcement officers detain a suspect in a high-profile child abduction case.,,0,not_clickbait,0.7095554,0.28405005,0.006394527,0.16319712,0.7095554
CNN Politics,"""Signalgate"" scandal erupts over leaked security group chats",Leaks from the encrypted app Signal reveal tensions within the national security council.,,1,ambiguous,0.42620978,0.54645246,0.027337752,0.32156894,0.54645246
NYT Business,Walmart replaces physical price tags with digital screens in all US stores,The retail giant moves toward a fully digital pricing infrastructure for 2026.,,0,not_clickbait,0.78704125,0.20785737,0.0051013865,0.10633378,0.78704125
Yahoo Finance,Nvidia hits $4 trillion market cap as Blackwell chip demand surges,The AI chipmaker becomes the first company to reach the historic valuation.,,0,not_clickbait,0.69505745,0.2942072,0.010735283,0.16364616,0.69505745
Fox News,Former Virginia Gov Glenn Youngkin hints at political future,"Youngkin says he is ""chomping at the bit"" to return to the national stage.",,0,not_clickbait,0.58278227,0.41374147,0.0034762817,0.23214778,0.58278227
CNN Health,Hemp and CBD products included in new Medicare pilot program,The administration explores alternative treatments for chronic pain under federal coverage.,,0,not_clickbait,0.6106076,0.38326535,0.006127061,0.21270089,0.6106076
NYT World,Ukraine strikes Russian energy hub Novorossiysk with drones,Kyiv continues its campaign against Russian Black Sea infrastructure.,,0,not_clickbait,0.7345599,0.2623803,0.0030597162,0.12379014,0.7345599
Yahoo News,Google is killing millions of web links to save a few bucks,Technical report on how search engine indexing is changing the archived web.,,1,ambiguous,0.1822573,0.57435226,0.24339049,0.46616897,0.57435226
Fox News,DHS reveals how relatives of terror architect were allowed into US,A national security vulnerability report exposes flaws in the visa vetting system.,,1,ambiguous,0.44062564,0.546215,0.013159318,0.30765358,0.546215
CNN Politics,Trump fires National Archivist Colleen Shogan,The dismissal follows disputes over the storage of classified documents from the 2024 cycle.,,0,not_clickbait,0.59605366,0.3884039,0.015542464,0.2386716,0.59605366
NYT Science,James Webb Space Telescope detects atmosphere on Trappist-1e exoplanet,A major milestone in the search for habitable worlds beyond our solar system.,,0,not_clickbait,0.5363653,0.4543968,0.009237902,0.25824133,0.5363653
Yahoo News,DOGE staffer resigns over racist posts found on social media,The Department of Government Efficiency faces its first major personnel scandal.,,0,not_clickbait,0.53502816,0.43997988,0.024991928,0.2764312,0.53502816
Fox News,Red Lobster's push for cheap deals may be backfiring as losses pile up,"Restaurant industry experts analyze the failure of the ""Endless Shrimp"" promotion.",,0,not_clickbait,0.589299,0.39660087,0.01410012,0.2449729,0.589299
CNN Business,US unemployment for prime-age women hits all-time low of 78.5%,Labor data shows record participation for women in the 25-54 age demographic.,,0,not_clickbait,0.76552,0.22834954,0.0061304816,0.13220395,0.76552
NYT Opinion,Why am I watching people get their medical results?,"An essay on the cultural phenomenon of ""diagnostic TikTok"" and medical privacy.",,2,clickbait,0.0208873,0.4407773,0.53833544,0.6005131,0.53833544
Yahoo News,UK schools implement total ban on mobile devices to improve focus,"One year after the policy began, test scores show a measurable improvement.",,0,not_clickbait,0.61645347,0.37383783,0.009708746,0.23912153,0.61645347
Fox News,Victor Wembanyama injury right before playoffs puts MVP candidacy at risk,Spurs fans await updates on the star's ankle sprain ahead of the play-in tournament.,,0,not_clickbait,0.61573976,0.37774402,0.006516157,0.18359287,0.61573976
CNN World,"Vance, Orban, and Trump: MAGA's global model faces test in Hungary",Vice President J.D. Vance meets with Prime Minister Viktor Orban in Budapest.,,0,not_clickbait,0.6411642,0.35242853,0.006407292,0.21004443,0.6411642
NYT World,Hamas releases all living hostages as part of final Gaza agreement,The Red Cross confirms the successful transfer of the remaining captives.,,0,not_clickbait,0.8074486,0.18966502,0.0028863538,0.09835959,0.8074486
Yahoo News,First 3D-printed heart successfully transplanted in landmark surgery,Surgeons in Boston report the patient is recovering well after the 12-hour procedure.,,0,not_clickbait,0.53358006,0.45710853,0.009311394,0.24049512,0.53358006
Fox News,WrestleMania 42 card revealed as main events and major matches are set,The WWE prepares for its flagship event in Las Vegas this weekend.,,0,not_clickbait,0.57732046,0.4123522,0.010327279,0.21901086,0.57732046
CNN Tech,Gemini 3.1 Ultra launches with 2M-token context and multimodal reasoning,Google's latest AI model can process entire libraries of text in a single prompt.,,0,not_clickbait,0.5835503,0.3961625,0.02028723,0.2514986,0.5835503
NYT Business,Starbucks names new CEO after union negotiations reach national deadlock,The coffee giant seeks fresh leadership to handle its ongoing labor disputes.,,0,not_clickbait,0.7773848,0.21732686,0.0052883364,0.1250897,0.7773848
Yahoo Finance,Ethereum 3.0 proposal promises 100k transactions per second,"The core dev team outlines a new ""Super-Sharding"" roadmap for the network.",,0,not_clickbait,0.62568223,0.3588857,0.015432061,0.21142742,0.62568223
Fox News,"Ilhan Omar calls Trump an 'unhinged lunatic,' urges booting him from office",The Congresswoman reacts to the President's latest comments on the Iran conflict.,,0,not_clickbait,0.6789295,0.3154058,0.0056646997,0.17623173,0.6789295
CNN Politics,Pentagon purges thousands of websites on Holocaust and cancer awareness,"A massive digital audit removes ""non-mission essential"" sites from military servers.",,1,ambiguous,0.45234528,0.523533,0.024121769,0.31208447,0.523533
NYT Science,Solar Storm of May 2025 caused widespread satellite disruptions,Researchers publish the final impact report on the largest geomagnetic storm in 20 years.,,0,not_clickbait,0.5484192,0.43650925,0.01507162,0.23485449,0.5484192
Yahoo News,Harriet Tubman restored to National Park Service webpage after backlash,The Underground Railroad site was briefly removed during a website overhaul.,,0,not_clickbait,0.72017825,0.27835193,0.0014698703,0.112458624,0.72017825
Fox News,SNL' star Chloe Fineman faces backlash after camp counselor comments,Social media erupts over a story the actress shared during a recent interview.,,1,ambiguous,0.4476662,0.51871634,0.033617496,0.3281057,0.51871634
CNN World,US military recovers second airman in high-risk mission inside Iran,CIA Director describes the rescue as a pivotal moment in the current conflict.,,0,not_clickbait,0.557073,0.43283546,0.010091522,0.23372743,0.557073
NYT Business,California blocks mass firings at Consumer Financial Protection Bureau,"A district judge rules against the administration's plan to lay off 1,500 federal workers.",,0,not_clickbait,0.728735,0.26632848,0.004936521,0.13750312,0.728735
Yahoo Finance,Goldman Sachs predicts AI will contribute 7% to global GDP by 2030,"The financial giant upgrades its economic forecast based on ""Agentic AI"" adoption.",,0,not_clickbait,0.73578596,0.2569344,0.007279684,0.16241479,0.73578596
Fox News,Blake Lively risks becoming a 'pariah' like Amber Heard: experts,Media analysts discuss the actress's legal and public relations challenges.,,0,not_clickbait,0.5012476,0.48151213,0.017240304,0.28419778,0.5012476
CNN Health,RSV immunization period extended as virus continues late-season spread,Health officials urge parents to continue preventative measures through April.,,0,not_clickbait,0.7253144,0.27030638,0.0043792096,0.13904457,0.7253144
NYT Archives,National Park Service restores old Underground Railroad webpage,"The page, which prominently features Harriet Tubman, was re-added on April 7, 2025.",,0,not_clickbait,0.7003109,0.29803646,0.0016526699,0.1309732,0.7003109
Yahoo News,"GTA VI release date officially set for November 21, 2025",Rockstar Games ends years of speculation with a definitive launch announcement.,,0,not_clickbait,0.7456266,0.24759056,0.006782866,0.13114989,0.7456266
Fox News,Steve Forbes: Europe's attacks on US tech firms must stop,The media mogul argues against EU regulations targeting Google and Meta.,,0,not_clickbait,0.5508645,0.43891138,0.010224136,0.26591027,0.5508645
CNN Politics,Shawn Harris enters runoff in Georgia's 14th District,The Democratic candidate seeks to flip the seat formerly held by the GOP.,,0,not_clickbait,0.8122889,0.18656822,0.001142887,0.10041136,0.8122889
NYT World,Iran sent a 10-point response to US proposals for ending the war yesterday,Mediation efforts continue via Pakistan as the Wednesday deadline looms.,,0,not_clickbait,0.7075551,0.28472283,0.007721978,0.15955444,0.7075551
Yahoo News,"Scientists revive 46,000-year-old virus from Siberian permafrost",Researchers warn of potential pathogens emerging from melting ice.,,1,ambiguous,0.43800613,0.54730207,0.014691791,0.30711958,0.54730207
Fox News,Alyssa Bradburn's courtroom demeanor draws attention during trial,Legal analysts and viewers weigh in on the high-profile defendant's behavior.,,1,ambiguous,0.37376758,0.5930239,0.033208545,0.3508042,0.5930239
CNN Business,Amazon introduces fuel surcharges for sellers starting this week,The company cites the impact of the Middle East conflict on transportation costs.,,0,not_clickbait,0.8008099,0.193682,0.0055080415,0.1134532,0.8008099
NYT Business,"SEC approves first ""Ether Spot ETF"" following Bitcoin's success",Financial markets open to direct Ethereum investment for the first time.,,0,not_clickbait,0.75413793,0.24058405,0.005278038,0.11693349,0.75413793
Yahoo News,Inter Miami wins first MLS Cup behind Lionel Messi brace,The legendary forward leads his team to a championship in the 2025 season.,,0,not_clickbait,0.7724345,0.22575153,0.0018139698,0.103013456,0.7724345
Fox News,Victor Wembanyama's MVP candidacy at risk after latest injury,An ankle sprain could keep the Spurs' big man out of the final week of play.,,0,not_clickbait,0.5667168,0.42672426,0.006559006,0.19978006,0.5667168
CNN Health,The BE FAST acronym for identifying a mini-stroke,Health professionals launch a new public awareness campaign on TIA signs.,,1,ambiguous,0.26365635,0.5858837,0.15046,0.41608325,0.5858837
NYT Opinion,How Good is Our Intelligence on Iran?,A deep dive into the accuracy of the CIA's assessments during the 2026 war.,,1,ambiguous,0.12161055,0.7599585,0.118430965,0.4867681,0.7599585
Yahoo Finance,"Bitcoin finishes 2025 at $88,400 after reaching record highs",A recap of the digital asset's most volatile year on record.,,0,not_clickbait,0.65782684,0.32680473,0.0153684,0.17316164,0.65782684
Fox News,Trump commandeers Cabinet members to campaign in midterms,The President orders officials to mute controversial stances before the elections.,,0,not_clickbait,0.6010587,0.38946915,0.009472136,0.23888224,0.6010587
CNN World,"5 things to know for April 7: Historic spaceflight, Tax refunds, Iran war",A morning roundup of the most critical news across the globe.,,1,ambiguous,0.049831342,0.5898899,0.36027884,0.55421305,0.5898899
NYT World,Pentagon expanding list of Iranian energy sites it can target,Defence officials look to include fuel sites that support the Iranian military.,,1,ambiguous,0.42761463,0.5565252,0.015860155,0.31804308,0.5565252
Yahoo News,Charlie Kirk killed in shooting during debate at Utah Valley University,The TPUSA founder's assassination in September 2025 remains a central story in 2026.,,0,not_clickbait,0.6015443,0.394238,0.00421773,0.2118819,0.6015443
BBC,Lebanon enters talks with Israel but with no cards to play,The Lebanese government go into peace talks with limited influence over the group.,"Mon, 13 Apr 2026 23:26:46 GMT",0,not_clickbait,0.71021914,0.28412274,0.005658072,0.15375087,0.71021914
BBC,"Southport killer's parents failed in 'moral duty' to report son, public inquiry finds","Failing to appreciate the danger the killer posed led to ""catastrophic consequences"", an inquiry finds.","Mon, 13 Apr 2026 19:26:15 GMT",0,not_clickbait,0.60438937,0.38603863,0.009571953,0.2379288,0.60438937
BBC,Five key failures of killer's parents and agencies ahead of Southport attack,Inquiry Chair Sir Adrian Fulford said the Southport attack could have been prevented if authorities and the killer's parents had acted more quickly.,"Mon, 13 Apr 2026 13:46:41 GMT",1,ambiguous,0.34090275,0.6207584,0.038338743,0.37850323,0.6207584
BBC,How Trump’s Jesus-like image and feud with the Pope are sparking backlash,BBC's Sarah Smith looks at how the president's most ardent supporters are reacting to his latest social media posts.,"Mon, 13 Apr 2026 21:45:42 GMT",1,ambiguous,0.24604374,0.72018576,0.033770446,0.42622662,0.72018576
BBC,Harry and Meghan arrive in Australia for four-day tour,It is the couple's first visit to Australia since 2018 when they were working royals.,"Tue, 14 Apr 2026 00:14:27 GMT",0,not_clickbait,0.8604673,0.13705243,0.0024803171,0.09759739,0.8604673
BBC,Oasis among record number of Brits entering Rock & Roll Hall of Fame,"Sade, Phil Collins, Billy Idol and Joy Division/New Order are also among the recipients.","Tue, 14 Apr 2026 01:09:49 GMT",0,not_clickbait,0.6129724,0.37969884,0.007328773,0.19902341,0.6129724
BBC,Man faces attempted murder charges in attack on home of OpenAI's Sam Altman,"The Texas man, who also faces federal felony charges, allegedly had documents advocating for violence against AI executives.","Tue, 14 Apr 2026 01:05:54 GMT",0,not_clickbait,0.57842976,0.41255215,0.009018128,0.2253051,0.57842976
BBC,BBC joins paramedics on duty in Lebanon after Israeli strikes,"BBC Middle East correspondent Hugo Bachega joins paramedics on duty in Nabatieh - a city that was once vibrant, but is now abandoned.","Mon, 13 Apr 2026 21:29:23 GMT",0,not_clickbait,0.55880386,0.43351284,0.007683337,0.23646635,0.55880386
BBC,Man who threw girlfriend from tower block jailed,"Jordan Herring, 22, is jailed for five years following the attack in November 2022.","Mon, 13 Apr 2026 14:38:16 GMT",1,ambiguous,0.46464363,0.5175914,0.017764883,0.30777258,0.5175914
BBC,"Chagos deal paused over Trump opposition, minister confirms",Legislation ratifying the agreement will not progress this parliamentary term due to a stand-off with the White House.,"Mon, 13 Apr 2026 21:15:36 GMT",0,not_clickbait,0.7038202,0.28894788,0.0072318944,0.17782533,0.7038202
BBC,Ex-Nigerian oil minister denies taking bribes,Diezani Alison-Madueke is accused of living “a life of luxury” in the UK at properties paid for and refurbished by industry figures.,"Mon, 13 Apr 2026 16:05:59 GMT",0,not_clickbait,0.49081096,0.48618978,0.02299931,0.28785956,0.49081096
BBC,US blockade of Iranian ports explained in two minutes,The BBC's security correspondent Frank Gardner explains how the US blockade of Iranian ports will work.,"Mon, 13 Apr 2026 17:33:26 GMT",1,ambiguous,0.27856624,0.6662189,0.055214908,0.41045907,0.6662189
BBC,This blockade is a gamble. Will it work?,The US military is gambling on the blockade denying Iran vital trade - but questions remain on whether the bet will pay off.,"Mon, 13 Apr 2026 15:27:43 GMT",2,clickbait,0.024414787,0.4078938,0.5676914,0.63617635,0.5676914
BBC,"Israelis war-weary but most oppose Iran ceasefire, poll suggests","The vast majority did not believe Hezbollah or Iran had been severely weakened by weeks of Israeli and US attacks, according to the poll.","Mon, 13 Apr 2026 19:20:08 GMT",0,not_clickbait,0.54064244,0.4535401,0.005817448,0.24974741,0.54064244
BBC,Tracking the ships crossing the Strait of Hormuz,The first vessel has crossed the Strait of Hormuz after the US imposed a military blockade of Iran's ports.,"Mon, 13 Apr 2026 16:37:57 GMT",0,not_clickbait,0.7740439,0.22244512,0.0035109601,0.12935379,0.7740439
BBC,"Trump threat to Iranian civilians 'wrong', Starmer says","The PM condemns the US president's threat that a ""whole civilisation"" would die unless Iran agreed to end the war.","Mon, 13 Apr 2026 20:46:53 GMT",0,not_clickbait,0.5584554,0.42277673,0.018767959,0.2559655,0.5584554
BBC,Doctors' strikes can have surprising benefits - but are they sustainable?,"Some hospital trusts tell the BBC previous action has seen shorter waits, faster decisions and calmer corridors.","Mon, 13 Apr 2026 23:06:45 GMT",1,ambiguous,0.19696258,0.6909009,0.112136476,0.4683585,0.6909009
BBC,The Papers: 'They didn't have to die' and 'You're not the Messiah',Southport murder inquiry findings and Trump deletes Jesus-like AI image lead Tuesday's papers.,"Tue, 14 Apr 2026 00:53:07 GMT",1,ambiguous,0.34570843,0.62280685,0.03148469,0.36439294,0.62280685
BBC,‘I don’t know why they’re coming’: Australians on Harry and Meghan's visit,The BBC spoke to people in Sydney to hear their thoughts on the Duke and Duchess of Sussex’s trip to Australia.,"Mon, 13 Apr 2026 23:40:20 GMT",0,not_clickbait,0.5082852,0.48041865,0.011296099,0.31115717,0.5082852
BBC,"Euphoria is back with more shock and scandal, but mixed reviews",Many critics say the third season of the hit HBO drama doesn't live up to its previous heights.,"Mon, 13 Apr 2026 12:03:12 GMT",0,not_clickbait,0.53987443,0.4329594,0.0271662,0.28580636,0.53987443
BBC,Where does McIlroy rank among golf's greats after Masters defence?,Rory McIlroy has added a rare Masters defence to the career Grand Slam - now he is aiming to keep climbing the all-time list of major victories.,"Mon, 13 Apr 2026 04:16:11 GMT",1,ambiguous,0.09156048,0.8366487,0.07179073,0.4936655,0.8366487
BBC,Katya Adler: Jubilation in Budapest will be felt in Europe but leaves Moscow cold,"European leaders share Hungarians' joy over the ousting of Vladimir Putin's EU ally, writes the BBC's Europe editor.","Mon, 13 Apr 2026 08:28:35 GMT",0,not_clickbait,0.6937436,0.30114216,0.0051142657,0.17021763,0.6937436
BBC,PM embraces Brexit divisions as he seeks closer ties with Europe,Keir Starmer's approach has provoked anger from the Conservatives and Reform UK.,"Mon, 13 Apr 2026 12:13:42 GMT",0,not_clickbait,0.6250134,0.37042108,0.0045655407,0.21591683,0.6250134
BBC,Democratic congressman to resign after sexual misconduct claims,"Four women have accused Eric Swalwell, an ex-candidate for California governor, of misconduct ranging from sexual harassment to rape, which he denies.","Mon, 13 Apr 2026 22:53:43 GMT",1,ambiguous,0.431461,0.52422863,0.044310343,0.34618968,0.52422863
BBC,‘I pray they come together’ - Americans react to Trump’s feud with Pope Leo,"Hours after posting a lengthy message critiquing the pontiff, the US president shared a Jesus-like image of himself that he has since deleted.","Tue, 14 Apr 2026 00:56:53 GMT",0,not_clickbait,0.5115957,0.47188413,0.016520157,0.27988538,0.5115957
BBC,Hollywood stars unite to oppose Paramount and Warner Bros Discovery merger,"Stars like Emma Thompson and Ben Stiller signed an open letter against the deal, which Paramount said will ensure creators ""have more avenues for their work, not fewer"".","Tue, 14 Apr 2026 00:39:03 GMT",0,not_clickbait,0.6679749,0.3222675,0.009757648,0.1767629,0.6679749
BBC,Spanish PM's wife charged with corruption after two-year probe,Begoña Gómez is accused of using her relationship with Pedro Sánchez to advance her private career.,"Mon, 13 Apr 2026 21:09:15 GMT",0,not_clickbait,0.53628415,0.4415745,0.022141345,0.26786545,0.53628415
BBC,US judge dismisses $10bn Trump defamation suit against Wall Street Journal,"Trump sued the newspaper and its owners, including Rupert Murdoch, in a Florida federal court over a birthday book for Jeffrey Epstein.","Mon, 13 Apr 2026 14:30:27 GMT",0,not_clickbait,0.68536,0.30813706,0.0065029203,0.16626723,0.68536
BBC,Woman fined £40 for £4k sale of fake Oasis tickets,"Rosie Slater is also handed a 12-month community order after making £4,000 from fraudulent sales.","Mon, 13 Apr 2026 14:58:01 GMT",1,ambiguous,0.45591706,0.4670708,0.07701226,0.29277876,0.4670708
BBC,Palestine Action group cleared of violent disorder,The three defendants continue to face a charge of criminal damage.,"Mon, 13 Apr 2026 16:59:05 GMT",0,not_clickbait,0.62881935,0.36123344,0.009947189,0.20123291,0.62881935
BBC,BBC News app,"Top stories, breaking news, live reporting, and follow news topics that match your interests","Wed, 30 Apr 2025 14:04:28 GMT",1,ambiguous,0.09504129,0.7548564,0.15010232,0.5242889,0.7548564
BBC,Americanswers... on 5 Live! Donald Trump vs Pope Leo on Iran,The US president insults the pope and depicts himself as Jesus,"Mon, 13 Apr 2026 19:10:00 GMT",1,ambiguous,0.45893613,0.53205603,0.009007863,0.31548545,0.53205603
BBC,"The ""Systemic Failures"" Before The Southport Attack",Inquiry finds Southport killer's family and authorities could have prevented attack.,"Mon, 13 Apr 2026 19:03:00 GMT",1,ambiguous,0.3188835,0.6576782,0.023438286,0.37364954,0.6576782
BBC,Jeers and defensive crisis - Carrick facing first big Man Utd test,Manchester United head coach Michael Carrick has problems to solve before his side's crucial trip to Chelsea on Saturday evening.,"Mon, 13 Apr 2026 23:08:29 GMT",1,ambiguous,0.44779265,0.535,0.017207334,0.31862712,0.535
BBC,A monumental night for Leeds - what does it mean in survival scrap?,A monumental victory over Manchester United at Old Trafford has given Leeds United a priceless lifeline in their quest for Premier League survival.,"Mon, 13 Apr 2026 22:31:43 GMT",1,ambiguous,0.22503047,0.6810852,0.09388426,0.43937352,0.6810852
BBC,'One of worst decisions ever' - Martinez sent off for hair-pull,Manchester United defender Lisandro Martinez is sent off after 56 minutes for pulling the hair of Leeds United striker Dominic Calvert-Lewin at Old Trafford.,"Mon, 13 Apr 2026 20:39:35 GMT",0,not_clickbait,0.4771866,0.47695968,0.045853738,0.2980419,0.4771866
BBC,McIlroy makes major warning after Masters triumph,"After retaining his Masters title, Rory McIlroy spent four hours dealing with presentations and interviews but was still smiling for the final one, writes Iain Carter.","Mon, 13 Apr 2026 14:47:23 GMT",1,ambiguous,0.3824045,0.6111748,0.0064206827,0.32948157,0.6111748
BBC,"England 'feckless, reckless and legless' in Ashes - Wisden","England were ""feckless, reckless and legless"" on their dismal Ashes tour of Australia, according to the editor of the prestigious Wisden Almanack.","Mon, 13 Apr 2026 21:30:03 GMT",0,not_clickbait,0.6136191,0.38016176,0.006219133,0.22366787,0.6136191
BBC,Okafor fires Leeds to first league win at Old Trafford since 1981,Leeds boost their Premier League survival hopes with a 2-1 win against 10-man Manchester United at Old Trafford.,"Mon, 13 Apr 2026 21:41:15 GMT",0,not_clickbait,0.73834723,0.25683782,0.0048149084,0.123020925,0.73834723
BBC,Spurs captain Romero out for rest of season with injury,Tottenham captain Cristian Romero is set to miss the rest of the season with the knee injury he sustained in their 1-0 defeat at Sunderland.,"Mon, 13 Apr 2026 15:51:49 GMT",0,not_clickbait,0.73306906,0.26343748,0.0034935381,0.12105813,0.73306906
BuzzFeed,“Boy Meets World” Star Danielle Fishel Has Revealed That She Has Breast Cancer,"After a routine mammogram detected the cancer, Danielle decided to go public with her diagnosis in the hope of encouraging others, explaining: “It would be so easy to say: ‘I don’t have time for that, I went to my mammogram last year, I was fine last year.’”View Entire Post &rsaquo;","Mon, 19 Aug 2024 04:59:26 -0400",1,ambiguous,0.34314185,0.5451362,0.11172193,0.3811382,0.5451362
BuzzFeed,Just 36 Products You'll Kick Yourself For Not Buying Sooner,You had no idea a grocery bag carrier was even a thing — don't be too hard on yourself.View Entire Post &rsaquo;,"Tue, 07 Apr 2026 07:01:07 -0400",2,clickbait,0.0055458387,0.2975746,0.69687957,0.75666004,0.69687957
BuzzFeed,35 Beauty Products With Jaw-Dropping Before & After Photos From People Who Have Actually Used Them,These reviewers came with the receipts.View Entire Post &rsaquo;,"Mon, 13 Apr 2026 22:01:05 -0400",2,clickbait,0.00645619,0.29467115,0.6988726,0.7311028,0.6988726
BuzzFeed,These Are The 38 Products That’ll *Actually* Make A Difference In Your Daily Routine,"Believe it or not, you can improve those tedious everyday tasks.View Entire Post &rsaquo;","Tue, 07 Apr 2026 00:01:03 -0400",2,clickbait,0.007827124,0.30822355,0.6839493,0.7254484,0.6839493
BuzzFeed,Eat Onlyyyyyy Sweets For A Day And I'll Reveal Your Signature Color Energy,Do I want a macaron or a chocolate chip cookie...?View Entire Post &rsaquo;,"Mon, 13 Apr 2026 21:51:02 -0400",1,ambiguous,0.063543044,0.51535416,0.42110285,0.58998096,0.51535416
BuzzFeed,46 Organization Products That’ll Help You Get Your Crap Together This Spring,"Future you will *really* appreciate you're well organized closet, kitchen, and bathroom. Trust me.View Entire Post &rsaquo;","Mon, 13 Apr 2026 21:31:02 -0400",2,clickbait,0.018299224,0.35877404,0.6229267,0.6594696,0.6229267
BuzzFeed,Flight Attendants Are The MVPs Of Traveling And Here Are 22 Things They Swear By,"The travel pros have spoken, and we *must* listen. I don't think you'll want to be stuck in the middle seat without this supportive pillow that wraps around your neck.View Entire Post &rsaquo;","Mon, 13 Apr 2026 21:01:04 -0400",2,clickbait,0.018931294,0.3197095,0.66135925,0.70488626,0.66135925
BuzzFeed,Endless Compliments: 27 Dresses To Wear To All Your Spring Special Events,🎵 Raindrops and roses and maxis and linen... Here's your new favorite outfit this spring. 🌼View Entire Post &rsaquo;,"Mon, 13 Apr 2026 20:46:02 -0400",1,ambiguous,0.048256293,0.49611604,0.45562762,0.57513005,0.49611604
BuzzFeed,35 Fun And Weird Products You Can Seriously Just Go Online And Buy,The internet never fails to deliver.View Entire Post &rsaquo;,"Mon, 13 Apr 2026 16:01:01 -0400",2,clickbait,0.008010609,0.32375318,0.6682362,0.7066076,0.6682362
BuzzFeed,31 Black Bras To Replace That Tattered One You’ve Had Since 2016,For those of us who have been wearing our one black bra for far too long.View Entire Post &rsaquo;,"Mon, 13 Apr 2026 19:31:02 -0400",2,clickbait,0.027759967,0.3396432,0.6325968,0.6460204,0.6325968
BuzzFeed,40 Things You Can Do Instead Of Racking Up Hours Scrolling On Your Phone,It's fun to do something with your hands that isn't just scrolling with your thumb zooming in on your nemesis's new IG pic.View Entire Post &rsaquo;,"Mon, 13 Apr 2026 11:25:08 -0400",2,clickbait,0.011099685,0.3239397,0.6649606,0.6966051,0.6649606
BuzzFeed,I Have Never Been More Relieved To Be Taken After Seeing These Horrific Dating App Messages And Bios,"""You're just gonna deprive guys like me the chance to be a father??"" Bro, WHAT?View Entire Post &rsaquo;","Mon, 13 Apr 2026 21:31:01 -0400",2,clickbait,0.019417357,0.28126976,0.69931287,0.72164387,0.69931287
BuzzFeed,What’s your wildest true crime theory?,"I wouldn't say mine is ""wild"" — because it's pretty popular — but I think there was a second shooter in the JFK assassination. (For more true crime questions like this delivered straight to your inbox, sign up for my newsletter That Got Dark.)View Entire Post &rsaquo;","Mon, 13 Apr 2026 21:01:02 -0400",2,clickbait,0.0084482655,0.3044607,0.68709105,0.69147724,0.68709105
BuzzFeed,30 Jaw-Droppingly Dumb Pictures Taken At JUST The Right Moment That Get Funnier And Funnier No Matter How Many Times I’ve Seen Them,"Come, turn off your brain for a minute.View Entire Post &rsaquo;","Mon, 13 Apr 2026 21:07:46 -0400",2,clickbait,0.010957366,0.28659913,0.7024435,0.72431976,0.7024435
BuzzFeed,Can You Guess The Disney Channel Show Just From The Description Of The Pet?,Is Agent P technically a pet?View Entire Post &rsaquo;,"Mon, 13 Apr 2026 20:51:02 -0400",2,clickbait,0.02081769,0.3942573,0.584925,0.65211153,0.584925
BuzzFeed,31 Products That Deserve A Standing Ovation,Let's hear it for the ultimate in back massaging technology👏View Entire Post &rsaquo;,"Mon, 13 Apr 2026 19:01:04 -0400",2,clickbait,0.005014148,0.29133734,0.70364857,0.74008167,0.70364857
BuzzFeed,21 Things On Sale At Amazon This Week That Are Really Worth Buying — Especially At These Prices,"I'm rewriting Destiny's Child's ""Bills, Bills, Bills"" to be about ""deals, deals, deals"" as we speak.View Entire Post &rsaquo;","Mon, 13 Apr 2026 18:30:55 -0400",1,ambiguous,0.04896799,0.53158814,0.4194439,0.5600706,0.53158814
BuzzFeed,43 Cleaning Products That’ll Help You Get Your Space Ready For Spring,A quick clean now means more weekends spent doing *literally* anything else.View Entire Post &rsaquo;,"Mon, 13 Apr 2026 18:31:02 -0400",2,clickbait,0.033615146,0.42905188,0.53733295,0.62159145,0.53733295
BuzzFeed,"Trader Joe's Just Entered The Prebiotic Soda Market With A Cheaper ""Dupe"" — Here's Exactly How Their Flavors Stack Up",Is there room for Trader Joe's at the prebiotic soda table? I'm here to find out.View Entire Post &rsaquo;,"Mon, 13 Apr 2026 19:06:02 -0400",1,ambiguous,0.22109213,0.65604746,0.1228604,0.44429567,0.65604746
BuzzFeed,BuzzFeed's Shopping Newsletter Has All The Products And Deals You Need!,Get BuzzFeed's best shopping content directly in your inbox each week!View Entire Post &rsaquo;,"Sat, 03 Jun 2017 14:01:02 -0400",1,ambiguous,0.21945511,0.67184466,0.108700216,0.4443307,0.67184466
BuzzFeed,Ditch The High-End Brands: 34 Affordable Beauty Products That Are Superior To The Expensive Ones,We're saving you loads with every swap in this post.View Entire Post &rsaquo;,"Mon, 13 Apr 2026 18:01:05 -0400",2,clickbait,0.034980215,0.4269563,0.5380635,0.6255074,0.5380635
BuzzFeed,Begin Q2 On Better Footing With These 40 Useful Products,These will help you gain momentum towards your Q2 projections.View Entire Post &rsaquo;,"Mon, 13 Apr 2026 20:31:02 -0400",1,ambiguous,0.06361184,0.6026712,0.33371702,0.56287825,0.6026712
BuzzFeed,"33 Wonderful Mother's Day Gifts Because Let's Be Honest, She Totally Deserves It","For the mom who deserves the world: an Instant Pot, candle warmer, or tennis bracelet is the next best thing.View Entire Post &rsaquo;","Mon, 13 Apr 2026 20:01:03 -0400",2,clickbait,0.039883427,0.42077914,0.53933746,0.6142476,0.53933746
BuzzFeed,"I'm Not Saying You Hate Cartoons, But If You Can't Even Identify 13 Of These Famous Bird Characters, Well...","Turns out, birds are everywhere in TV Land.View Entire Post &rsaquo;","Mon, 13 Apr 2026 17:01:02 -0400",2,clickbait,0.043387845,0.4330459,0.52356625,0.6122548,0.52356625
BuzzFeed,27 Products That'll Probably Make You Realize Life Could've Been So Much Easier This Whole Time,Because apparently the secret to peace was...a $13 puppy paw cleaner all along.View Entire Post &rsaquo;,"Mon, 13 Apr 2026 17:01:02 -0400",2,clickbait,0.013034809,0.30790466,0.6790605,0.70890254,0.6790605
BuzzFeed,"If You've Been With Your S.O. For What Feels Like Forever, What's Your Best Relationship Tip?",Tell us what really made a difference in your relationship.View Entire Post &rsaquo;,"Thu, 09 Apr 2026 15:23:41 -0400",2,clickbait,0.04920161,0.4692783,0.48152012,0.6023993,0.48152012
BuzzFeed,"A Famous Athlete Who Had To Pay His Ex-Wife $100 Million, And 20 More Hefty Celebrity Divorce Settlements",A famous actor's wife was scammed out of most of her $15 million divorce settlement!View Entire Post &rsaquo;,"Mon, 13 Apr 2026 20:01:02 -0400",2,clickbait,0.043135945,0.4427712,0.5140929,0.60284936,0.5140929
BuzzFeed,"Drake Teased His Upcoming Album With Iced Courtside Seats, And The Internet's Reaction Is Equal Parts Excited And Confused","Drake made headlines, and he wasn't even there!View Entire Post &rsaquo;","Mon, 13 Apr 2026 16:30:59 -0400",1,ambiguous,0.298598,0.6499301,0.05147189,0.37974995,0.6499301
BuzzFeed,Only 1% Of People Can Pass This Earth Day Recycling Quiz,How high is your recycling IQ?View Entire Post &rsaquo;,"Mon, 13 Apr 2026 19:51:02 -0400",1,ambiguous,0.18524517,0.6961614,0.1185935,0.4890166,0.6961614
BuzzFeed,"29 Ruthless, Ruthless, Ruthless Tweets About Donald Trump's Weird War With The Catholic Church",Trump vs. the pope was not on my 2026 bingo card.View Entire Post &rsaquo;,"Mon, 13 Apr 2026 19:09:02 -0400",1,ambiguous,0.07562062,0.57677066,0.3476087,0.54545313,0.57677066
BuzzFeed,"""Addison Did It Perfectly"": The Trump Administration Used Addison Rae's Music In An ICE Ad, And The Entire Internet Is Praising The Pop Star's Genius Response","""Glad to see courageous artists fighting back against their content being used for evil.""View Entire Post &rsaquo;","Mon, 13 Apr 2026 18:49:49 -0400",1,ambiguous,0.40804085,0.5473661,0.044593073,0.33053192,0.5473661
BuzzFeed,"The Internet Is Losing Its Mind Over Shaq's Interview With That One Viral NBA Couple, And The Reactions Are So, So Good","""If you ask her to marry you right now, I'll buy the engagement ring.""View Entire Post &rsaquo;","Mon, 13 Apr 2026 18:27:53 -0400",1,ambiguous,0.10075669,0.51413274,0.3851106,0.5441485,0.51413274
BuzzFeed,"""We Treat People With Disabilities Better Than Anyone Else Does"": People Are Sharing Things The US Does Better Than Other Countries, And It's Helping Some Feel Less Shame About Being American Right Now","""Every now and then, I'm reminded that being an American isn't always as shameful as I feel it is.""View Entire Post &rsaquo;","Mon, 13 Apr 2026 18:33:48 -0400",1,ambiguous,0.3457383,0.55322015,0.10104153,0.3867068,0.55322015
BuzzFeed,"This Couple's Tropical Cruise Got Swapped With New Brunswick, Canada, And Their Response Is Funniest Thing You'll See All Day","""You may want to bring a few extra layers!""View Entire Post &rsaquo;","Mon, 13 Apr 2026 14:00:56 -0400",2,clickbait,0.025841407,0.34405336,0.6301052,0.6560633,0.6301052
BuzzFeed,"Most Americans Can't Score Higher Than 11% On This Extremely Easy Spelling Quiz, And It's Kinda Sad",Time for your spelling bee.View Entire Post &rsaquo;,"Mon, 13 Apr 2026 14:01:03 -0400",1,ambiguous,0.07422948,0.5001081,0.4256624,0.61606497,0.5001081
BuzzFeed,It's True — These 35 TikTok Beauty Finds *Actually* Deliver On Their Promises,Including the Philips Norelco ~Intimate~ razor for gentle hair removal down there.View Entire Post &rsaquo;,"Mon, 13 Apr 2026 14:01:02 -0400",2,clickbait,0.026544785,0.43206766,0.5413876,0.6395554,0.5413876
BuzzFeed,"25 Things On Sale At Amazon This Week That'll Make Your Future Self Say ""Thank Goodness I Bought These""",Prepare to pat yourself on the back in the not-so-distant future for scoring these deals.View Entire Post &rsaquo;,"Mon, 13 Apr 2026 14:00:55 -0400",2,clickbait,0.028267462,0.40127426,0.57045823,0.6268556,0.57045823
BuzzFeed,"""Jack*ss"": SHOCKER! Conservatives Are Mad As H*ll Over The Pope's Response To Trump's Truth Social Rant",Pope Leo XIV is leading the Catholic Church and IDGAF army.View Entire Post &rsaquo;,"Mon, 13 Apr 2026 17:54:40 -0400",1,ambiguous,0.16908783,0.5648913,0.26602092,0.48949072,0.5648913
BuzzFeed,"27 Things From Amazon You’ll Never Get Sick Of Wearing, No Matter How Many Times You Grab Them",Even better when you purchase them in different colorways.View Entire Post &rsaquo;,"Mon, 13 Apr 2026 13:01:02 -0400",2,clickbait,0.037053812,0.4272431,0.535703,0.6080167,0.535703
BuzzFeed,I'm Really Interested To See If You Know These Rom-Com Quotes Better Than I Do,"I'm single and have wayyyyy too much time on my hands, okay?View Entire Post &rsaquo;","Mon, 13 Apr 2026 17:21:02 -0400",2,clickbait,0.013782499,0.3537893,0.6324282,0.6934915,0.6324282
BuzzFeed,Ruined By The Rich: 21 Hobbies And Activities That Rich People Have Priced Others Out Of,"""There’s a special place in hell for scalpers.""View Entire Post &rsaquo;","Mon, 13 Apr 2026 12:34:02 -0400",2,clickbait,0.022645975,0.3421121,0.63524187,0.6631819,0.63524187
BuzzFeed,Which Rom-Com Girl Are You?,Are you the quirky rom-com girl or the extroverted one?View Entire Post &rsaquo;,"Mon, 13 Apr 2026 14:21:02 -0400",2,clickbait,0.02167265,0.4018718,0.5764555,0.64058304,0.5764555
BuzzFeed,All The Best Deals At Walmart This Week,Including a 10-outlet power strip for $15 and a powerful oscillating tower fan marked down to just $80.View Entire Post &rsaquo;,"Mon, 13 Apr 2026 11:47:17 -0400",1,ambiguous,0.28263992,0.5705668,0.1467933,0.4207951,0.5705668
BuzzFeed,"8 Side-By-Sides Of The ""Sunrise On The Reaping"" Cast And The Original ""Hunger Games"" Characters They Play",I'm so incredibly seated...View Entire Post &rsaquo;,"Mon, 13 Apr 2026 15:33:52 -0400",1,ambiguous,0.065810345,0.52878916,0.40540048,0.558125,0.52878916
BuzzFeed,The Entire Internet Is Obsessed With One Tiny Detail In This Artemis II Photo,I love him.View Entire Post &rsaquo;,"Mon, 13 Apr 2026 15:13:05 -0400",2,clickbait,0.027085308,0.37474033,0.59817433,0.64832175,0.59817433
BuzzFeed,These 37 Hilarious Fails From Last Week Made Me Laugh So Hard My Dang Lungs Are Aching,"If that's what the bathroom stall door looks like, I'll just hold it.View Entire Post &rsaquo;","Mon, 13 Apr 2026 15:46:13 -0400",2,clickbait,0.01864908,0.37885168,0.60249925,0.6594702,0.60249925
BuzzFeed,Heidi Klum Transformed Into A Completely Different Person At Coachella,Yet more proof that we would be fooled by Hannah Montana.View Entire Post &rsaquo;,"Mon, 13 Apr 2026 15:28:54 -0400",1,ambiguous,0.17437784,0.60143834,0.22418387,0.4673351,0.60143834
BuzzFeed,"Here's A Complete Breakdown Of The ""DoorDash Grandma"" Situation With Trump, And People Are Howling",This was not on my 2026 Bingo card...View Entire Post &rsaquo;,"Mon, 13 Apr 2026 16:38:42 -0400",2,clickbait,0.043124765,0.443405,0.51347023,0.59613144,0.51347023
BuzzFeed,"27 Cool Products That Will Make Your Friends Ask, “Where On Earth Did You Get That?”","Everyone's going to be up in your business when you whip out these shimmering ""magnetic"" press-on nails and this delectable olive oil drizzle.View Entire Post &rsaquo;","Mon, 13 Apr 2026 11:01:02 -0400",2,clickbait,0.025880817,0.39654115,0.577578,0.62633395,0.577578
Fox News,Lena Dunham says her dad didn’t want to be seen voting with her in Obama election,Lena Dunham recalls her father not wanting to vote with her during the 2012 Obama-Romney election after she faced intense online hate and backlash.,"Mon, 13 Apr 2026 21:59:04 -0400",0,not_clickbait,0.6663301,0.3308305,0.002839387,0.1656504,0.6663301
Fox News,'Smart decision': Swalwell's resignation spurs praise from both parties after bombshell allegations emerge,"Rep. Eric Swalwell, D-Calif., announced he was planning to resign from Congress following sexual misconduct allegations, leading top Democrats in the U.S. Senate to praise the decision.","Mon, 13 Apr 2026 21:53:21 -0400",0,not_clickbait,0.655891,0.33240032,0.011708651,0.19485845,0.655891
Fox News,"Los Angeles hotel industry 'struggling' under wage mandate signed by Mayor Karen Bass, new survey finds","An industry research report claims Los Angeles&apos; minimum wage mandate led to reduced hiring, labor hour cuts, and delayed hotel development as costs outpace revenue growth.","Mon, 13 Apr 2026 21:30:29 -0400",0,not_clickbait,0.7827487,0.2138805,0.0033708587,0.12284479,0.7827487
Fox News,"US military kills 2 suspected cartel operatives in latest Eastern Pacific lethal strike, SOUTHCOM says",The U.S. military killed two men believed to be cartel operatives in the Eastern Pacific as part of broader efforts to disrupt narcotics trafficking.,"Mon, 13 Apr 2026 21:13:32 -0400",0,not_clickbait,0.80243844,0.19573745,0.0018241394,0.098424144,0.80243844
Fox News,Ro Khanna confronted by voter on California immigration policies in Jubilee appearance,"Rep. Ro Khanna faces off with speaker Marien over immigration enforcement, California border security, and Epstein scandal accountability standards.","Mon, 13 Apr 2026 21:00:14 -0400",0,not_clickbait,0.6465186,0.34851238,0.0049689854,0.20265211,0.6465186
Fox News,Swalwell's 'best friend' in Congress turns on him after bombshell allegations torpedo his political career,"Sen. Ruben Gallego, D-Ariz., distanced himself from Rep. Eric Swalwell, D-Calif., calling him unfit for Congress after allegations of sexual assault and misconduct.","Mon, 13 Apr 2026 20:54:07 -0400",0,not_clickbait,0.6269979,0.36406198,0.008940097,0.21097608,0.6269979
Fox News,Dick Vitale announces fifth cancer diagnosis as biopsy confirms melanoma in his lung and liver cavity,Dick Vitale said he is confident he will go &quot;5 for 5&quot; after a biopsy confirmed melanoma in his lung and liver cavity for his fifth cancer diagnosis.,"Mon, 13 Apr 2026 20:30:23 -0400",0,not_clickbait,0.76696575,0.23130704,0.0017272057,0.105464794,0.76696575
Fox News,Alec Baldwin admits he 'doesn’t want to work anymore' after 'Rust' shooting death: 'I want to retire',"Alec Baldwin reflects on his career after the fatal &quot;Rust&quot; set shooting in 2021, saying the painful tragedy has left him wanting to retire and stay home.","Mon, 13 Apr 2026 20:03:19 -0400",0,not_clickbait,0.72715354,0.27081403,0.0020324355,0.123258926,0.72715354
Fox News,JD Vance says the ball is 'in Iran’s court' after Pakistan peace talks stall,"VP JD Vance rejects reports Pakistan talks failed, says Iran negotiations made progress but Iranian team was unable to finalize a deal in talks.","Mon, 13 Apr 2026 19:51:30 -0400",0,not_clickbait,0.76371413,0.23166874,0.0046170987,0.14467292,0.76371413
Fox News,"WNBA player opposes new Olympics transgender policy, saying they do 'anything but' protect women",WNBA player Brianna Turner criticized the International Olympic Committee&apos;s new policies barring biologically male athletes in female sports in a USA Today op-ed.,"Mon, 13 Apr 2026 19:48:24 -0400",0,not_clickbait,0.6164586,0.3743715,0.009169871,0.22870502,0.6164586
Fox News,DoorDash driver hails key Trump policy after delivering McDonald's to White House: 'I'm going to enjoy it',DoorDash driver Sharron Simmons says she hopes Trump&apos;s no-tax-on-tips benefit in the One Big Beautiful Bill extends beyond its current 2028 expiration.,"Mon, 13 Apr 2026 19:15:42 -0400",0,not_clickbait,0.61291414,0.37374693,0.013338892,0.2209676,0.61291414
Fox News,Sydney Sweeney’s ‘Euphoria’ return sparks backlash as fans slam ‘humiliating’ storyline,"Viewers denounce &quot;Euphoria&apos;s&quot; creative direction after season three opener, saying Sydney Sweeney&apos;s provocative scenes as Cassie Howard are humiliating.","Mon, 13 Apr 2026 19:13:38 -0400",0,not_clickbait,0.644918,0.34937435,0.0057076276,0.19324969,0.644918
Fox News,"Popular airline rolls out free bag perk for certain travelers, but there's a catch","Southwest Airlines announced Sip and Ship, a new perk allowing customers to check one case of wine for free on flights to certain West Coast airports.","Mon, 13 Apr 2026 19:10:09 -0400",1,ambiguous,0.18596192,0.5479921,0.266046,0.50362915,0.5479921
Fox News,Gabbard claims ‘coordinated effort’ by intelligence community to advance narrative to impeach Trump,DNI Tulsi Gabbard releases declassified testimony she says exposes a coordinated effort to manufacture a narrative behind Trump&apos;s first impeachment.,"Mon, 13 Apr 2026 19:06:32 -0400",0,not_clickbait,0.6403867,0.35403728,0.0055759554,0.19197504,0.6403867
Fox News,"Sunny Hostin doesn't know if president is the 'right position' for Harris, urges her to reconsider CA governor","&quot;The View&quot; co-host Sunny Hostin said she wanted Kamala Harris to reconsider running for California governor, though co-host Ana Navarro noted the deadline passed for entering the race.","Mon, 13 Apr 2026 19:00:17 -0400",0,not_clickbait,0.6322333,0.36188003,0.0058865915,0.20242807,0.6322333
Fox News,Embattled Rep Tony Gonzales announces plans to resign amid sexual misconduct allegations,"Rep. Tony Gonzales, R-Texas, will resign from Congress after facing sexual misconduct allegations.","Mon, 13 Apr 2026 18:54:39 -0400",0,not_clickbait,0.7989702,0.19871466,0.0023151082,0.109860815,0.7989702
Fox News,Butler man’s online rants to kill Trump end in guilty plea after FBI probe,"Shawn Monper pleaded guilty to making threats to assassinate President Trump and kill ICE agents in posts on YouTube, according to the Justice Department.","Mon, 13 Apr 2026 18:42:47 -0400",0,not_clickbait,0.6399552,0.35302907,0.007015725,0.18896104,0.6399552
Fox News,Aubrey Plaza confirms pregnancy with first child after personal challenges and health struggles,"Aubrey Plaza casually revealed she&apos;s pregnant with her first child on the Smartless podcast, saying she always wanted to see what motherhood is about.","Mon, 13 Apr 2026 18:16:01 -0400",0,not_clickbait,0.58800876,0.402075,0.009916319,0.21329363,0.58800876
Fox News,Mike Breen says fans 'deserve to be thrown a bone' as NBA cuts all local broadcasts from the playoffs,New York Knicks and ESPN announcer Mike Breen ripped the NBA for removing local broadcasters from the playoffs for the first time in league history as part of the new TV rights deal.,"Mon, 13 Apr 2026 18:14:09 -0400",0,not_clickbait,0.75104237,0.24654356,0.002414057,0.11868522,0.75104237
Fox News,TPUSA reporter Savanah Hernandez assaulted during Minneapolis ICE protest,Frontlines TPUSA reporter Savanah Hernandez was attaked while covering an ICE protest in Minneapolis outside the Whipple Federal Building.,"Mon, 13 Apr 2026 18:00:24 -0400",0,not_clickbait,0.7135911,0.28386432,0.002544584,0.13769117,0.7135911
Fox News,Swalwell announces resignation from Congress after sexual misconduct allegations torpedoed gubernatorial bid,Rep. Eric Swalwell announced his resignation from Congress following a bombshell Chronicle report and the collapse of his California governor campaign.,"Mon, 13 Apr 2026 17:41:19 -0400",0,not_clickbait,0.73992634,0.25754702,0.002526635,0.14004071,0.73992634
Fox News,San Diego taco chain targeted by boycott over CEO's alleged Trump support,"Roberto&apos;s Taco Shop, a popular San Diego taco chain, faces left-wing backlash after a TikTok user alleged its CEO is a Donald Trump supporter.","Mon, 13 Apr 2026 17:30:52 -0400",0,not_clickbait,0.64279526,0.34871358,0.008491186,0.19463392,0.64279526
Fox News,Trump’s McDonald’s order comes with cash surprise for ‘DoorDash Grandma’ outside White House,President Trump received a McDonald&apos;s delivery from a DoorDash driver in the Oval Office and tipped her $100 while promoting his no tax on tips policy.,"Mon, 13 Apr 2026 17:28:16 -0400",0,not_clickbait,0.5009965,0.47516146,0.023842068,0.28282025,0.5009965
Fox News,"Cancer risk linked to common blood-related condition, research reveals",Research published in BMJ Journals links newly developed anemia to significantly higher chances of cancer diagnosis and all-cause mortality within 18 months.,"Mon, 13 Apr 2026 17:20:52 -0400",1,ambiguous,0.4672661,0.51692265,0.015811302,0.29430974,0.51692265
Fox News,WATCH: Rowdy teenagers swarm DC Navy Yard in waterfront takeover despite police juvenile curfew zone,"D.C.&apos;s Navy Yard saw another teen takeover this weekend, prompting a juvenile curfew zone and increased police presence to address ongoing disruptions.","Mon, 13 Apr 2026 17:20:19 -0400",0,not_clickbait,0.66702235,0.3295591,0.003418551,0.16815963,0.66702235
NPR,Man accused in Molotov cocktail attack of OpenAI CEO's home charged with attempted murder,"No one was injured at Altman's home or the company offices, authorities said.","Mon, 13 Apr 2026 21:02:10 -0400",0,not_clickbait,0.6686293,0.3245499,0.006820737,0.17711735,0.6686293
NPR,Eric Swalwell will resign from Congress as he faces backlash over assault allegations,Swalwell's resignation follows allegations of sexual assault and misconduct made by multiple women against the California Democrat.,"Mon, 13 Apr 2026 17:49:00 -0400",0,not_clickbait,0.75318366,0.24219336,0.0046230364,0.1439369,0.75318366
NPR,"5 things to know about Péter Magyar, Hungary's new prime minister",Magyar ended Hungarian Prime Minister Viktor Orbán's 16-year grip on power in a landslide victory on Sunday. The former Orbán loyalist burst onto the scene as an opposition leader in 2024.,"Mon, 13 Apr 2026 13:56:07 -0400",1,ambiguous,0.44675538,0.5243849,0.028859694,0.3203684,0.5243849
NPR,Judge dismisses Trump's $10B lawsuit over the Wall Street Journal's Epstein reporting,"In the order issued Monday, the judge wrote that President Trump had failed to make the argument that the article, which described a letter to Epstein that the newspaper said bore Trump's signature, was published with the intent to be malicious.","Mon, 13 Apr 2026 11:55:09 -0400",0,not_clickbait,0.6046949,0.37414253,0.021162633,0.22330092,0.6046949
NPR,"Trump says U.S. will blockade Iranian ports. And, Orbán loses Hungarian election","President Trump announced a blockade of Iranian ports after peace talks with Iran collapsed. And, Viktor Orbán concedes defeat after 16 years in power in Hungary.","Mon, 13 Apr 2026 07:56:36 -0400",0,not_clickbait,0.6941959,0.29951096,0.0062931417,0.16085413,0.6941959
NPR,Trump vows to sink Iranian ships approaching a U.S. blockade of Strait of Hormuz,"President Trump said the U.S. would interdict vessels that had paid what he called an ""illegal toll"" to Iran to cross the Strait of Hormuz.","Mon, 13 Apr 2026 07:03:13 -0400",0,not_clickbait,0.7820489,0.21361056,0.004340541,0.10362257,0.7820489
NPR,Trump says U.S. will blockade Iranian ports after peace talks fail,"On Sunday, President Trump said the U.S. would blockade the Strait of Hormuz after negotiations between the U.S. and Iran broke down over the weekend.","Mon, 13 Apr 2026 06:44:32 -0400",0,not_clickbait,0.8218813,0.17512204,0.00299668,0.10135135,0.8218813
NPR,Retired U.S. Navy admiral on Trump's threat to blockade the Strait of Hormuz,"NPR's Michel Martin speaks to retired U.S. Navy Adm. James Foggo, dean of the Center for Maritime Strategy, about President Trump's command to blockade the Strait of Hormuz.","Mon, 13 Apr 2026 06:43:54 -0400",0,not_clickbait,0.73346746,0.26167265,0.004859887,0.1256614,0.73346746
NPR,Pope Leo brushes off Trump criticism amid growing Vatican–U.S. tensions over Iran war,"Pope Leo XIV says he will not be deterred by criticism from President Trump, vowing to continue his calls for peace as tensions escalate between the Vatican and Washington over the Iran conflict.","Mon, 13 Apr 2026 06:43:31 -0400",0,not_clickbait,0.780246,0.21702898,0.002724951,0.10639375,0.780246
NPR,What a chimpanzee 'civil war' can teach us about how societies fall apart,"A long-term study of the world's largest known community of chimpanzees has documented a rare event: what the researchers describe as the primate equivalent of a ""civil war.""","Mon, 13 Apr 2026 06:00:00 -0400",1,ambiguous,0.13862357,0.70416564,0.15721075,0.4828835,0.70416564
The Verge,Daniel Moreno-Gama is facing federal charges for attacking Sam Altman&#8217;s home and OpenAI’s HQ,"Daniel Moreno-Gama is now facing federal charges after allegedly traveling from Texas to California with the intent to kill OpenAI CEO Sam Altman. On April 10th, he was arrested after throwing a Molotov cocktail at OpenAI CEO Sam Altman's home and attempting to break into OpenAI's headquarters. According to prosecutors, at the HQ, ""Moreno-Gama attempted [&#8230;]",2026-04-13T20:02:38-04:00,0,not_clickbait,0.69639486,0.29794055,0.0056645335,0.15679656,0.69639486
The Verge,The Mercedes EQS returns with massive range and charging gains,"A year ago, Mercedes-Benz did the prudent thing and paused its EQ lineup of electric vehicles in the US. With customer demand drying up for luxury EVs, and federal incentives getting axed by vengeful Republicans, Mercedes put its first-generation EVs on ice. But then, in January, Mercedes quietly reintroduced the EQS brand in the US, [&#8230;]",2026-04-13T18:01:00-04:00,0,not_clickbait,0.62407655,0.35935634,0.01656708,0.21044105,0.62407655
The Verge,Justin Bieber&#8217;s YouTube Coachella set had nothing to do with who owns his music,"This past Saturday at the Coachella music festival, Justin Bieber played the first of two headlining sets in a deal reportedly worth $10 million. It was his most significant solo performance in years. But Bieber spent some of his time on stage the way many of us do on Saturday nights: on YouTube. For some [&#8230;]",2026-04-13T17:19:10-04:00,1,ambiguous,0.37071165,0.59022456,0.039063703,0.35362825,0.59022456
The Verge,RAMageddon has come for Microsoft&#8217;s Surface Pro and Surface Laptop,"Microsoft just raised the prices across its line of Surface devices amid the global RAM shortage. Now, the 13-inch Surface Pro 11 and the 13.8-inch Surface Laptop 7 cost $500 more than their original starting price, going from $999 to $1,499, as reported earlier by Windows Central. Last year, Microsoft stopped selling the $999 versions [&#8230;]",2026-04-13T16:45:41-04:00,0,not_clickbait,0.570466,0.41130003,0.018233951,0.22872435,0.570466
The Verge,NZXT to pay $3.45 million settlement over Flex PC rentals,"NZXT and its business partner Fragile have agreed to pay $3.45 million to settle a class-action lawsuit that accused the companies of attempting to ""scam"" consumers through their Flex PC rental service. The preliminary settlement was filed in a California District Court on April 7th to close a civil RICO case against the Flex program [&#8230;]",2026-04-13T16:00:58-04:00,0,not_clickbait,0.75981057,0.23225124,0.007938225,0.10699203,0.75981057
The Verge,AI influencers are ‘everywhere’ at Coachella,"Coachella kicked off on Friday, and as usual, it's the place to be for online influencers looking to show off their memorable experiences at the festival. A quick scroll through my social media feeds has already shown me many uncannily attractive figures in glitzy outfits, posing for perfectly staged photographs with celebrities. Only some of [&#8230;]",2026-04-13T15:53:46-04:00,2,clickbait,0.08473096,0.45356512,0.46170393,0.54042596,0.46170393
The Verge,The Apple Watch Series 11 has returned to its best-ever price,"If you’re still holding onto an older Apple Watch, now might be a good time to upgrade. Right now, the 42mm Apple Watch Series 11 with GPS is on sale for around $299 ($100 off) at Amazon, Best Buy, and Target, which is its best price to date. If you prefer a larger size, the [&#8230;]",2026-04-13T14:48:17-04:00,0,not_clickbait,0.609362,0.37713528,0.013502691,0.21593419,0.609362
The Verge,"Xbox Game Pass &#8216;has become too expensive,’ says Microsoft’s new gaming chief in leaked memo","Microsoft's new Xbox chief, Asha Sharma, has signaled that Xbox Game Pass pricing is about to change. In an internal memo to Xbox employees, obtained by The Verge, Sharma admits that ""Game Pass has become too expensive for players"" and that Microsoft needs ""a better value equation."" ""Game Pass is central to gaming value on [&#8230;]",2026-04-13T13:39:51-04:00,0,not_clickbait,0.68126106,0.30985528,0.008883569,0.18241115,0.68126106
The Verge,You can make a multicolor MacBook Neo out of Apple&#8217;s spare parts,"If you're having trouble deciding on a color for a new MacBook Neo, you might not have to choose just one. The folks over at MacWorld found that Apple doesn't appear to limit the colors of spare parts you can buy for your Neo, potentially allowing you to deck out your indigo laptop with pink-tinted [&#8230;]",2026-04-13T13:08:31-04:00,1,ambiguous,0.39435133,0.55802065,0.047627944,0.36410367,0.55802065
The Verge,Read OpenAI&#8217;s latest internal memo about beating the competition — including Anthropic,"OpenAI's chief revenue officer, Denise Dresser, sent a four-page memo to employees on Sunday about the company's strategic direction, emphasizing the need to lock in users and grow its enterprise business. The memo, which was viewed by The Verge, repeatedly underlines the importance of building a moat around its AI products, to combat how easy [&#8230;]",2026-04-13T12:21:08-04:00,1,ambiguous,0.37949997,0.5410461,0.07945406,0.35882738,0.5410461
