source,headline,description,link,published,predicted_score,predicted_label
BBC,Lebanon enters talks with Israel but with no cards to play,The Lebanese government go into peace talks with limited influence over the group.,https://www.bbc.com/news/articles/cr51l794mlyo?at_medium=RSS&at_campaign=rss,"Mon, 13 Apr 2026 23:26:46 GMT",0.12442125,not_clickbait
BBC,"Southport killer's parents failed in 'moral duty' to report son, public inquiry finds","Failing to appreciate the danger the killer posed led to ""catastrophic consequences"", an inquiry finds.",https://www.bbc.com/news/articles/cx2rgyeqv1yo?at_medium=RSS&at_campaign=rss,"Mon, 13 Apr 2026 19:26:15 GMT",0.23658669,ambiguous
BBC,Five key failures of killer's parents and agencies ahead of Southport attack,Inquiry Chair Sir Adrian Fulford said the Southport attack could have been prevented if authorities and the killer's parents had acted more quickly.,https://www.bbc.com/news/articles/c239zz1m324o?at_medium=RSS&at_campaign=rss,"Mon, 13 Apr 2026 13:46:41 GMT",0.29093283,ambiguous
BBC,How Trumpâs Jesus-like image and feud with the Pope are sparking backlash,BBC's Sarah Smith looks at how the president's most ardent supporters are reacting to his latest social media posts.,https://www.bbc.com/news/videos/c624dy3pgg2o?at_medium=RSS&at_campaign=rss,"Mon, 13 Apr 2026 21:45:42 GMT",0.347729,ambiguous
BBC,Harry and Meghan arrive in Australia for four-day tour,It is the couple's first visit to Australia since 2018 when they were working royals.,https://www.bbc.com/news/articles/cvgk3vpyzdqo?at_medium=RSS&at_campaign=rss,"Tue, 14 Apr 2026 00:14:27 GMT",0.13997078,not_clickbait
BBC,Oasis among record number of Brits entering Rock & Roll Hall of Fame,"Sade, Phil Collins, Billy Idol and Joy Division/New Order are also among the recipients.",https://www.bbc.com/news/articles/c9qd5537zxpo?at_medium=RSS&at_campaign=rss,"Tue, 14 Apr 2026 01:09:49 GMT",0.15049624,not_clickbait
BBC,Man faces attempted murder charges in attack on home of OpenAI's Sam Altman,"The Texas man, who also faces federal felony charges, allegedly had documents advocating for violence against AI executives.",https://www.bbc.com/news/articles/cq597n1pg6lo?at_medium=RSS&at_campaign=rss,"Tue, 14 Apr 2026 01:05:54 GMT",0.1652849,not_clickbait
BBC,BBC joins paramedics on duty in Lebanon after Israeli strikes,"BBC Middle East correspondent Hugo Bachega joins paramedics on duty in Nabatieh - a city that was once vibrant, but is now abandoned.",https://www.bbc.com/news/videos/cwyk8rz1pzyo?at_medium=RSS&at_campaign=rss,"Mon, 13 Apr 2026 21:29:23 GMT",0.10864079,not_clickbait
BBC,Man who threw girlfriend from tower block jailed,"Jordan Herring, 22, is jailed for five years following the attack in November 2022.",https://www.bbc.com/news/articles/cedeze6w5wqo?at_medium=RSS&at_campaign=rss,"Mon, 13 Apr 2026 14:38:16 GMT",0.2908843,ambiguous
BBC,"Chagos deal paused over Trump opposition, minister confirms",Legislation ratifying the agreement will not progress this parliamentary term due to a stand-off with the White House.,https://www.bbc.com/news/articles/ce9m47y1ez2o?at_medium=RSS&at_campaign=rss,"Mon, 13 Apr 2026 21:15:36 GMT",0.11865798,not_clickbait
BBC,Ex-Nigerian oil minister denies taking bribes,Diezani Alison-Madueke is accused of living âa life of luxuryâ in the UK at properties paid for and refurbished by industry figures.,https://www.bbc.com/news/articles/crl141ern74o?at_medium=RSS&at_campaign=rss,"Mon, 13 Apr 2026 16:05:59 GMT",0.1463826,not_clickbait
BBC,US blockade of Iranian ports explained in two minutes,The BBC's security correspondent Frank Gardner explains how the US blockade of Iranian ports will work.,https://www.bbc.com/news/videos/cd9vg5vggvqo?at_medium=RSS&at_campaign=rss,"Mon, 13 Apr 2026 17:33:26 GMT",0.17092027,not_clickbait
BBC,This blockade is a gamble. Will it work?,The US military is gambling on the blockade denying Iran vital trade - but questions remain on whether the bet will pay off.,https://www.bbc.com/news/articles/ckgw8w7mzxgo?at_medium=RSS&at_campaign=rss,"Mon, 13 Apr 2026 15:27:43 GMT",0.46115425,ambiguous
BBC,"Israelis war-weary but most oppose Iran ceasefire, poll suggests","The vast majority did not believe Hezbollah or Iran had been severely weakened by weeks of Israeli and US attacks, according to the poll.",https://www.bbc.com/news/articles/clyxgxyeqpgo?at_medium=RSS&at_campaign=rss,"Mon, 13 Apr 2026 19:20:08 GMT",0.12926474,not_clickbait
BBC,Tracking the ships crossing the Strait of Hormuz,The first vessel has crossed the Strait of Hormuz after the US imposed a military blockade of Iran's ports.,https://www.bbc.com/news/articles/c3w39lg84w2o?at_medium=RSS&at_campaign=rss,"Mon, 13 Apr 2026 16:37:57 GMT",0.20692521,ambiguous
BBC,"Trump threat to Iranian civilians 'wrong', Starmer says","The PM condemns the US president's threat that a ""whole civilisation"" would die unless Iran agreed to end the war.",https://www.bbc.com/news/articles/cd7j0p09j7no?at_medium=RSS&at_campaign=rss,"Mon, 13 Apr 2026 20:46:53 GMT",0.11589964,not_clickbait
BBC,Doctors' strikes can have surprising benefits - but are they sustainable?,"Some hospital trusts tell the BBC previous action has seen shorter waits, faster decisions and calmer corridors.",https://www.bbc.com/news/articles/cp3l2pygnlyo?at_medium=RSS&at_campaign=rss,"Mon, 13 Apr 2026 23:06:45 GMT",0.48272213,ambiguous
BBC,The Papers: 'They didn't have to die' and 'You're not the Messiah',Southport murder inquiry findings and Trump deletes Jesus-like AI image lead Tuesday's papers.,https://www.bbc.com/news/articles/cd0r383kr71o?at_medium=RSS&at_campaign=rss,"Tue, 14 Apr 2026 00:53:07 GMT",0.52478033,ambiguous
BBC,âI donât know why theyâre comingâ: Australians on Harry and Meghan's visit,The BBC spoke to people in Sydney to hear their thoughts on the Duke and Duchess of Sussexâs trip to Australia.,https://www.bbc.com/news/videos/crk18gnepmgo?at_medium=RSS&at_campaign=rss,"Mon, 13 Apr 2026 23:40:20 GMT",0.43908617,ambiguous
BBC,"Euphoria is back with more shock and scandal, but mixed reviews",Many critics say the third season of the hit HBO drama doesn't live up to its previous heights.,https://www.bbc.com/news/articles/cr51lzjljnyo?at_medium=RSS&at_campaign=rss,"Mon, 13 Apr 2026 12:03:12 GMT",0.25053623,ambiguous
BBC,Where does McIlroy rank among golf's greats after Masters defence?,Rory McIlroy has added a rare Masters defence to the career Grand Slam - now he is aiming to keep climbing the all-time list of major victories.,https://www.bbc.com/sport/golf/articles/cz78ge3g77qo?at_medium=RSS&at_campaign=rss,"Mon, 13 Apr 2026 04:16:11 GMT",0.36394757,ambiguous
BBC,Katya Adler: Jubilation in Budapest will be felt in Europe but leaves Moscow cold,"European leaders share Hungarians' joy over the ousting of Vladimir Putin's EU ally, writes the BBC's Europe editor.",https://www.bbc.com/news/articles/cn0wzxqyx17o?at_medium=RSS&at_campaign=rss,"Mon, 13 Apr 2026 08:28:35 GMT",0.116326585,not_clickbait
BBC,PM embraces Brexit divisions as he seeks closer ties with Europe,Keir Starmer's approach has provoked anger from the Conservatives and Reform UK.,https://www.bbc.com/news/articles/c0rxj4yygdwo?at_medium=RSS&at_campaign=rss,"Mon, 13 Apr 2026 12:13:42 GMT",0.13925365,not_clickbait
BBC,Democratic congressman to resign after sexual misconduct claims,"Four women have accused Eric Swalwell, an ex-candidate for California governor, of misconduct ranging from sexual harassment to rape, which he denies.",https://www.bbc.com/news/articles/cwyd8rj1ylro?at_medium=RSS&at_campaign=rss,"Mon, 13 Apr 2026 22:53:43 GMT",0.12891622,not_clickbait
BBC,âI pray they come togetherâ - Americans react to Trumpâs feud with Pope Leo,"Hours after posting a lengthy message critiquing the pontiff, the US president shared a Jesus-like image of himself that he has since deleted.",https://www.bbc.com/news/videos/cp3l2vv69peo?at_medium=RSS&at_campaign=rss,"Tue, 14 Apr 2026 00:56:53 GMT",0.30382413,ambiguous
BBC,Hollywood stars unite to oppose Paramount and Warner Bros Discovery merger,"Stars like Emma Thompson and Ben Stiller signed an open letter against the deal, which Paramount said will ensure creators ""have more avenues for their work, not fewer"".",https://www.bbc.com/news/articles/cz0egvr94zro?at_medium=RSS&at_campaign=rss,"Tue, 14 Apr 2026 00:39:03 GMT",0.12706369,not_clickbait
BBC,Spanish PM's wife charged with corruption after two-year probe,BegoÃ±a GÃ³mez is accused of using her relationship with Pedro SÃ¡nchez to advance her private career.,https://www.bbc.com/news/articles/c8ejg3wk81no?at_medium=RSS&at_campaign=rss,"Mon, 13 Apr 2026 21:09:15 GMT",0.15778257,not_clickbait
BBC,US judge dismisses $10bn Trump defamation suit against Wall Street Journal,"Trump sued the newspaper and its owners, including Rupert Murdoch, in a Florida federal court over a birthday book for Jeffrey Epstein.",https://www.bbc.com/news/articles/c995j57xepmo?at_medium=RSS&at_campaign=rss,"Mon, 13 Apr 2026 14:30:27 GMT",0.118608765,not_clickbait
BBC,Woman fined Â£40 for Â£4k sale of fake Oasis tickets,"Rosie Slater is also handed a 12-month community order after making Â£4,000 from fraudulent sales.",https://www.bbc.com/news/articles/c0q93213jw1o?at_medium=RSS&at_campaign=rss,"Mon, 13 Apr 2026 14:58:01 GMT",0.18139972,not_clickbait
BBC,Palestine Action group cleared of violent disorder,The three defendants continue to face a charge of criminal damage.,https://www.bbc.com/news/articles/cwyvgvwvpqlo?at_medium=RSS&at_campaign=rss,"Mon, 13 Apr 2026 16:59:05 GMT",0.21268992,ambiguous
BBC,BBC News app,"Top stories, breaking news, live reporting, and follow news topics that match your interests",https://www.bbc.co.uk/news/10628994?at_medium=RSS&at_campaign=rss,"Wed, 30 Apr 2025 14:04:28 GMT",0.58485633,ambiguous
BBC,Americanswers... on 5 Live! Donald Trump vs Pope Leo on Iran,The US president insults the pope and depicts himself as Jesus,https://www.bbc.co.uk/sounds/play/p0nd6swy?at_medium=RSS&at_campaign=rss,"Mon, 13 Apr 2026 19:10:00 GMT",0.38873208,ambiguous
BBC,"The ""Systemic Failures"" Before The Southport Attack",Inquiry finds Southport killer's family and authorities could have prevented attack.,https://www.bbc.co.uk/sounds/play/p0nbywqg?at_medium=RSS&at_campaign=rss,"Mon, 13 Apr 2026 19:03:00 GMT",0.4544052,ambiguous
BBC,Jeers and defensive crisis - Carrick facing first big Man Utd test,Manchester United head coach Michael Carrick has problems to solve before his side's crucial trip to Chelsea on Saturday evening.,https://www.bbc.com/sport/football/articles/c248d021pqeo?at_medium=RSS&at_campaign=rss,"Mon, 13 Apr 2026 23:08:29 GMT",0.27055898,ambiguous
BBC,A monumental night for Leeds - what does it mean in survival scrap?,A monumental victory over Manchester United at Old Trafford has given Leeds United a priceless lifeline in their quest for Premier League survival.,https://www.bbc.com/sport/football/articles/c4gxj4dkdpro?at_medium=RSS&at_campaign=rss,"Mon, 13 Apr 2026 22:31:43 GMT",0.39114106,ambiguous
BBC,'One of worst decisions ever' - Martinez sent off for hair-pull,Manchester United defender Lisandro Martinez is sent off after 56 minutes for pulling the hair of Leeds United striker Dominic Calvert-Lewin at Old Trafford.,https://www.bbc.com/sport/football/articles/c145mdge2gdo?at_medium=RSS&at_campaign=rss,"Mon, 13 Apr 2026 20:39:35 GMT",0.31332082,ambiguous
BBC,McIlroy makes major warning after Masters triumph,"After retaining his Masters title, Rory McIlroy spent four hours dealing with presentations and interviews but was still smiling for the final one, writes Iain Carter.",https://www.bbc.com/sport/golf/articles/cj0vdv3qzpdo?at_medium=RSS&at_campaign=rss,"Mon, 13 Apr 2026 14:47:23 GMT",0.22729433,ambiguous
BBC,"England 'feckless, reckless and legless' in Ashes - Wisden","England were ""feckless, reckless and legless"" on their dismal Ashes tour of Australia, according to the editor of the prestigious Wisden Almanack.",https://www.bbc.com/sport/cricket/articles/cy81l2l9z9no?at_medium=RSS&at_campaign=rss,"Mon, 13 Apr 2026 21:30:03 GMT",0.20425181,ambiguous
BBC,Okafor fires Leeds to first league win at Old Trafford since 1981,Leeds boost their Premier League survival hopes with a 2-1 win against 10-man Manchester United at Old Trafford.,https://www.bbc.com/sport/football/videos/c62j0yqzn8vo?at_medium=RSS&at_campaign=rss,"Mon, 13 Apr 2026 21:41:15 GMT",0.107709855,not_clickbait
BBC,Spurs captain Romero out for rest of season with injury,Tottenham captain Cristian Romero is set to miss the rest of the season with the knee injury he sustained in their 1-0 defeat at Sunderland.,https://www.bbc.com/sport/football/articles/c98mqrpz50vo?at_medium=RSS&at_campaign=rss,"Mon, 13 Apr 2026 15:51:49 GMT",0.113503836,not_clickbait
BuzzFeed,âBoy Meets Worldâ Star Danielle Fishel Has Revealed That She Has Breast Cancer,"After a routine mammogram detected the cancer, Danielle decided to go public with her diagnosis in the hope of encouraging others, explaining: âIt would be so easy to say: âI donât have time for that, I went to my mammogram last year, I was fine last year.ââView Entire Post &rsaquo;",https://www.buzzfeednews.com/article/stephaniesoteriou/boy-meets-world-danielle-fishel-breast-cancer,"Mon, 19 Aug 2024 04:59:26 -0400",0.25023624,ambiguous
BuzzFeed,Just 36 Products You'll Kick Yourself For Not Buying Sooner,You had no idea a grocery bag carrier was even a thing â don't be too hard on yourself.View Entire Post &rsaquo;,https://www.buzzfeed.com/danielboan/products-wish-you-bought-sooner,"Tue, 07 Apr 2026 07:01:07 -0400",0.70767915,clickbait
BuzzFeed,35 Beauty Products With Jaw-Dropping Before & After Photos From People Who Have Actually Used Them,These reviewers came with the receipts.View Entire Post &rsaquo;,https://www.buzzfeed.com/danielboan/beauty-products-jaw-dropping-results-photos,"Mon, 13 Apr 2026 22:01:05 -0400",0.65390635,clickbait
BuzzFeed,These Are The 38 Products Thatâll *Actually* Make A Difference In Your Daily Routine,"Believe it or not, you can improve those tedious everyday tasks.View Entire Post &rsaquo;",https://www.buzzfeed.com/courtney_lynch/daily-routine-products,"Tue, 07 Apr 2026 00:01:03 -0400",0.7468912,clickbait
BuzzFeed,Eat Onlyyyyyy Sweets For A Day And I'll Reveal Your Signature Color Energy,Do I want a macaron or a chocolate chip cookie...?View Entire Post &rsaquo;,https://www.buzzfeed.com/lovelykid20/everyone-has-a-signature-color-energy-a-choose,"Mon, 13 Apr 2026 21:51:02 -0400",0.60033876,clickbait
BuzzFeed,46 Organization Products Thatâll Help You Get Your Crap Together This Spring,"Future you will *really* appreciate you're well organized closet, kitchen, and bathroom. Trust me.View Entire Post &rsaquo;",https://www.buzzfeed.com/amandadavis3/organization-items-to-get-your-crap-together-this-spring,"Mon, 13 Apr 2026 21:31:02 -0400",0.7251886,clickbait
BuzzFeed,Flight Attendants Are The MVPs Of Traveling And Here Are 22 Things They Swear By,"The travel pros have spoken, and we *must* listen. I don't think you'll want to be stuck in the middle seat without this supportive pillow that wraps around your neck.View Entire Post &rsaquo;",https://www.buzzfeed.com/amberusher/flight-attendant-mvp-travel-products-swear-by-an,"Mon, 13 Apr 2026 21:01:04 -0400",0.6162324,clickbait
BuzzFeed,Endless Compliments: 27 Dresses To Wear To All Your Spring Special Events,ðµ Raindrops and roses and maxis and linen... Here's your new favorite outfit this spring. ð¼View Entire Post &rsaquo;,https://www.buzzfeed.com/negestikaudo/endless-compliments-springtime-dresses,"Mon, 13 Apr 2026 20:46:02 -0400",0.6043708,clickbait
BuzzFeed,35 Fun And Weird Products You Can Seriously Just Go Online And Buy,The internet never fails to deliver.View Entire Post &rsaquo;,https://www.buzzfeed.com/bekoconnell/just-go-online-and-buy-items-an,"Mon, 13 Apr 2026 16:01:01 -0400",0.71138334,clickbait
BuzzFeed,31 Black Bras To Replace That Tattered One Youâve Had Since 2016,For those of us who have been wearing our one black bra for far too long.View Entire Post &rsaquo;,https://www.buzzfeed.com/emmagkershaw/black-bras-to-replace-that-tattered-one-youve-had-since,"Mon, 13 Apr 2026 19:31:02 -0400",0.5719955,ambiguous
BuzzFeed,40 Things You Can Do Instead Of Racking Up Hours Scrolling On Your Phone,It's fun to do something with your hands that isn't just scrolling with your thumb zooming in on your nemesis's new IG pic.View Entire Post &rsaquo;,https://www.buzzfeed.com/elizabethlilly/scrolling-on-phone-things-an,"Mon, 13 Apr 2026 11:25:08 -0400",0.7106104,clickbait
BuzzFeed,I Have Never Been More Relieved To Be Taken After Seeing These Horrific Dating App Messages And Bios,"""You're just gonna deprive guys like me the chance to be a father??"" Bro, WHAT?View Entire Post &rsaquo;",https://www.buzzfeed.com/hannahmarder/terrible-dating-bios-and-messages,"Mon, 13 Apr 2026 21:31:01 -0400",0.62456256,clickbait
BuzzFeed,Whatâs your wildest true crime theory?,"I wouldn't say mine is ""wild"" â because it's pretty popular â but I think there was a second shooter in the JFK assassination. (For more true crime questions like this delivered straight to your inbox, sign up for my newsletter That Got Dark.)View Entire Post &rsaquo;",https://www.buzzfeed.com/crystalro/whats-your-wildest-true-crime-theory-dq,"Mon, 13 Apr 2026 21:01:02 -0400",0.6652645,clickbait
BuzzFeed,30 Jaw-Droppingly Dumb Pictures Taken At JUST The Right Moment That Get Funnier And Funnier No Matter How Many Times Iâve Seen Them,"Come, turn off your brain for a minute.View Entire Post &rsaquo;",https://www.buzzfeed.com/daves4/pictures-taken-at-the-perfect-moment-april-13-2026,"Mon, 13 Apr 2026 21:07:46 -0400",0.68142647,clickbait
BuzzFeed,Can You Guess The Disney Channel Show Just From The Description Of The Pet?,Is Agent P technically a pet?View Entire Post &rsaquo;,https://www.buzzfeed.com/avinashnarayanan1/can-you-name-the-disney-channel-show-just-from-the,"Mon, 13 Apr 2026 20:51:02 -0400",0.52095467,ambiguous
BuzzFeed,31 Products That Deserve A Standing Ovation,Let's hear it for the ultimate in back massaging technologyðView Entire Post &rsaquo;,https://www.buzzfeed.com/bekoconnell/deserve-standing-ovation-items-an,"Mon, 13 Apr 2026 19:01:04 -0400",0.70736635,clickbait
BuzzFeed,21 Things On Sale At Amazon This Week That Are Really Worth Buying â Especially At These Prices,"I'm rewriting Destiny's Child's ""Bills, Bills, Bills"" to be about ""deals, deals, deals"" as we speak.View Entire Post &rsaquo;",https://www.buzzfeed.com/karlyjacklin/things-on-sale-at-amazon-this-week-that-are-really-worth-it,"Mon, 13 Apr 2026 18:30:55 -0400",0.7023943,clickbait
BuzzFeed,43 Cleaning Products Thatâll Help You Get Your Space Ready For Spring,A quick clean now means more weekends spent doing *literally* anything else.View Entire Post &rsaquo;,https://www.buzzfeed.com/chelseastuart/things-to-give-your-home-the-deep-clean-of-its-life-1,"Mon, 13 Apr 2026 18:31:02 -0400",0.62653846,clickbait
BuzzFeed,"Trader Joe's Just Entered The Prebiotic Soda Market With A Cheaper ""Dupe"" â Here's Exactly How Their Flavors Stack Up",Is there room for Trader Joe's at the prebiotic soda table? I'm here to find out.View Entire Post &rsaquo;,https://www.buzzfeed.com/graysonsamuels/trader-joes-new-prebiotic-soda-review,"Mon, 13 Apr 2026 19:06:02 -0400",0.39499933,ambiguous
BuzzFeed,BuzzFeed's Shopping Newsletter Has All The Products And Deals You Need!,Get BuzzFeed's best shopping content directly in your inbox each week!View Entire Post &rsaquo;,https://www.buzzfeed.com/adamdavis/find-the-best-products-and-deals-with-buzzfeeds-shopping,"Sat, 03 Jun 2017 14:01:02 -0400",0.5015025,ambiguous
BuzzFeed,Ditch The High-End Brands: 34 Affordable Beauty Products That Are Superior To The Expensive Ones,We're saving you loads with every swap in this post.View Entire Post &rsaquo;,https://www.buzzfeed.com/maitlandquitmeyer/ditch-high-end-brands-beauty-items-an,"Mon, 13 Apr 2026 18:01:05 -0400",0.66152257,clickbait
BuzzFeed,Begin Q2 On Better Footing With These 40 Useful Products,These will help you gain momentum towards your Q2 projections.View Entire Post &rsaquo;,https://www.buzzfeed.com/taylor_steele/begin-q2-on-better-footing-with-these-useful-products,"Mon, 13 Apr 2026 20:31:02 -0400",0.64910346,clickbait
BuzzFeed,"33 Wonderful Mother's Day Gifts Because Let's Be Honest, She Totally Deserves It","For the mom who deserves the world: an Instant Pot, candle warmer, or tennis bracelet is the next best thing.View Entire Post &rsaquo;",https://www.buzzfeed.com/emmagkershaw/wonderful-mothers-day-gifts-because-she-deserves-it,"Mon, 13 Apr 2026 20:01:03 -0400",0.690351,clickbait
BuzzFeed,"I'm Not Saying You Hate Cartoons, But If You Can't Even Identify 13 Of These Famous Bird Characters, Well...","Turns out, birds are everywhere in TV Land.View Entire Post &rsaquo;",https://www.buzzfeed.com/jennifer_mcphee/famous-birds-quiz,"Mon, 13 Apr 2026 17:01:02 -0400",0.664515,clickbait
BuzzFeed,27 Products That'll Probably Make You Realize Life Could've Been So Much Easier This Whole Time,Because apparently the secret to peace was...a $13 puppy paw cleaner all along.View Entire Post &rsaquo;,https://www.buzzfeed.com/ashleyschumacher/life-coudlve-been-easier-products-an,"Mon, 13 Apr 2026 17:01:02 -0400",0.7345567,clickbait
BuzzFeed,"If You've Been With Your S.O. For What Feels Like Forever, What's Your Best Relationship Tip?",Tell us what really made a difference in your relationship.View Entire Post &rsaquo;,https://www.buzzfeed.com/michelelbird/add-yours-best-relationship-advice,"Thu, 09 Apr 2026 15:23:41 -0400",0.59663457,ambiguous
BuzzFeed,"A Famous Athlete Who Had To Pay His Ex-Wife $100 Million, And 20 More Hefty Celebrity Divorce Settlements",A famous actor's wife was scammed out of most of her $15 million divorce settlement!View Entire Post &rsaquo;,https://www.buzzfeed.com/kristenharris1/expensive-celebrity-divorce-settlements,"Mon, 13 Apr 2026 20:01:02 -0400",0.56157386,ambiguous
BuzzFeed,"Drake Teased His Upcoming Album With Iced Courtside Seats, And The Internet's Reaction Is Equal Parts Excited And Confused","Drake made headlines, and he wasn't even there!View Entire Post &rsaquo;",https://www.buzzfeed.com/kayseydavis/drake-iced-courtside-seats-iceman-album,"Mon, 13 Apr 2026 16:30:59 -0400",0.39145243,ambiguous
BuzzFeed,Only 1% Of People Can Pass This Earth Day Recycling Quiz,How high is your recycling IQ?View Entire Post &rsaquo;,https://www.buzzfeed.com/avinashnarayanan1/how-much-do-you-actually-know-about-recycling-this,"Mon, 13 Apr 2026 19:51:02 -0400",0.4495893,ambiguous
BuzzFeed,"29 Ruthless, Ruthless, Ruthless Tweets About Donald Trump's Weird War With The Catholic Church",Trump vs. the pope was not on my 2026 bingo card.View Entire Post &rsaquo;,https://www.buzzfeed.com/alexalisitza/best-pope-versus-trump-tweets,"Mon, 13 Apr 2026 19:09:02 -0400",0.54053885,ambiguous
BuzzFeed,"""Addison Did It Perfectly"": The Trump Administration Used Addison Rae's Music In An ICE Ad, And The Entire Internet Is Praising The Pop Star's Genius Response","""Glad to see courageous artists fighting back against their content being used for evil.""View Entire Post &rsaquo;",https://www.buzzfeed.com/lily_grossinger/addison-rae-copyright-against-trump-admin,"Mon, 13 Apr 2026 18:49:49 -0400",0.26283556,ambiguous
BuzzFeed,"The Internet Is Losing Its Mind Over Shaq's Interview With That One Viral NBA Couple, And The Reactions Are So, So Good","""If you ask her to marry you right now, I'll buy the engagement ring.""View Entire Post &rsaquo;",https://www.buzzfeed.com/michelelbird/viral-shaq-nba-interview,"Mon, 13 Apr 2026 18:27:53 -0400",0.41887808,ambiguous
BuzzFeed,"""We Treat People With Disabilities Better Than Anyone Else Does"": People Are Sharing Things The US Does Better Than Other Countries, And It's Helping Some Feel Less Shame About Being American Right Now","""Every now and then, I'm reminded that being an American isn't always as shameful as I feel it is.""View Entire Post &rsaquo;",https://www.buzzfeed.com/kristatorres/things-america-gets-right,"Mon, 13 Apr 2026 18:33:48 -0400",0.3462834,ambiguous
BuzzFeed,"This Couple's Tropical Cruise Got Swapped With New Brunswick, Canada, And Their Response Is Funniest Thing You'll See All Day","""You may want to bring a few extra layers!""View Entire Post &rsaquo;",https://www.buzzfeed.com/trendyghost618/couples-tropical-cruise-gets-rerouted-to-new-brunswick,"Mon, 13 Apr 2026 14:00:56 -0400",0.51888627,ambiguous
BuzzFeed,"Most Americans Can't Score Higher Than 11% On This Extremely Easy Spelling Quiz, And It's Kinda Sad",Time for your spelling bee.View Entire Post &rsaquo;,https://www.buzzfeed.com/abbyzinman/easy-spelling-test,"Mon, 13 Apr 2026 14:01:03 -0400",0.5961751,ambiguous
BuzzFeed,It's True â These 35 TikTok Beauty Finds *Actually* Deliver On Their Promises,Including the Philips Norelco ~Intimate~ razor for gentle hair removal down there.View Entire Post &rsaquo;,https://www.buzzfeed.com/courtney_lynch/tiktok-beauty-items-actually-deliver-an,"Mon, 13 Apr 2026 14:01:02 -0400",0.7396477,clickbait
BuzzFeed,"25 Things On Sale At Amazon This Week That'll Make Your Future Self Say ""Thank Goodness I Bought These""",Prepare to pat yourself on the back in the not-so-distant future for scoring these deals.View Entire Post &rsaquo;,https://www.buzzfeed.com/danielboan/things-on-sale-at-amazon-this-week-for-future-you,"Mon, 13 Apr 2026 14:00:55 -0400",0.6738185,clickbait
BuzzFeed,"""Jack*ss"": SHOCKER! Conservatives Are Mad As H*ll Over The Pope's Response To Trump's Truth Social Rant",Pope Leo XIV is leading the Catholic Church and IDGAF army.View Entire Post &rsaquo;,https://www.buzzfeed.com/bellaarnold/pope-leo-response-to-trump,"Mon, 13 Apr 2026 17:54:40 -0400",0.3919068,ambiguous
BuzzFeed,"27 Things From Amazon Youâll Never Get Sick Of Wearing, No Matter How Many Times You Grab Them",Even better when you purchase them in different colorways.View Entire Post &rsaquo;,https://www.buzzfeed.com/emmagkershaw/things-from-amazon-youll-never-get-sick-of-wearing-an,"Mon, 13 Apr 2026 13:01:02 -0400",0.71470165,clickbait
BuzzFeed,I'm Really Interested To See If You Know These Rom-Com Quotes Better Than I Do,"I'm single and have wayyyyy too much time on my hands, okay?View Entire Post &rsaquo;",https://www.buzzfeed.com/lovelykid20/sorry-but-only-lovesick-fools-can-identify-all-14,"Mon, 13 Apr 2026 17:21:02 -0400",0.6366465,clickbait
BuzzFeed,Ruined By The Rich: 21 Hobbies And Activities That Rich People Have Priced Others Out Of,"""Thereâs a special place in hell for scalpers.""View Entire Post &rsaquo;",https://www.buzzfeed.com/bendzialdowski/things-rich-people-ruined,"Mon, 13 Apr 2026 12:34:02 -0400",0.6172792,clickbait
BuzzFeed,Which Rom-Com Girl Are You?,Are you the quirky rom-com girl or the extroverted one?View Entire Post &rsaquo;,https://www.buzzfeed.com/graceebrwnn/which-rom-com-girl-are-you,"Mon, 13 Apr 2026 14:21:02 -0400",0.67735726,clickbait
BuzzFeed,All The Best Deals At Walmart This Week,Including a 10-outlet power strip for $15 and a powerful oscillating tower fan marked down to just $80.View Entire Post &rsaquo;,https://www.buzzfeed.com/cierracowan/best-walmart-deals-4-13-26,"Mon, 13 Apr 2026 11:47:17 -0400",0.6423203,clickbait
BuzzFeed,"8 Side-By-Sides Of The ""Sunrise On The Reaping"" Cast And The Original ""Hunger Games"" Characters They Play",I'm so incredibly seated...View Entire Post &rsaquo;,https://www.buzzfeed.com/jenniferabidor/hunger-games-sunrise-on-the-reaping-side-by-sides,"Mon, 13 Apr 2026 15:33:52 -0400",0.4783738,ambiguous
BuzzFeed,The Entire Internet Is Obsessed With One Tiny Detail In This Artemis II Photo,I love him.View Entire Post &rsaquo;,https://www.buzzfeed.com/mjs538/rise-on-artemis,"Mon, 13 Apr 2026 15:13:05 -0400",0.5861634,ambiguous
BuzzFeed,These 37 Hilarious Fails From Last Week Made Me Laugh So Hard My Dang Lungs Are Aching,"If that's what the bathroom stall door looks like, I'll just hold it.View Entire Post &rsaquo;",https://www.buzzfeed.com/kelley_greene/best-internet-fails-from-last-week-04-13-26,"Mon, 13 Apr 2026 15:46:13 -0400",0.7491448,clickbait
BuzzFeed,Heidi Klum Transformed Into A Completely Different Person At Coachella,Yet more proof that we would be fooled by Hannah Montana.View Entire Post &rsaquo;,https://www.buzzfeed.com/natashajokic1/heidi-klum-coachella-outfits,"Mon, 13 Apr 2026 15:28:54 -0400",0.30002603,ambiguous
BuzzFeed,"Here's A Complete Breakdown Of The ""DoorDash Grandma"" Situation With Trump, And People Are Howling",This was not on my 2026 Bingo card...View Entire Post &rsaquo;,https://www.buzzfeed.com/ravenishak/grandma-doordash-donald-trump-reactions,"Mon, 13 Apr 2026 16:38:42 -0400",0.60059917,clickbait
BuzzFeed,"27 Cool Products That Will Make Your Friends Ask, âWhere On Earth Did You Get That?â","Everyone's going to be up in your business when you whip out these shimmering ""magnetic"" press-on nails and this delectable olive oil drizzle.View Entire Post &rsaquo;",https://www.buzzfeed.com/emmalord9/cool-products-where-earth-get-that-an,"Mon, 13 Apr 2026 11:01:02 -0400",0.7347029,clickbait
Fox News,Lena Dunham says her dad didnât want to be seen voting with her in Obama election,Lena Dunham recalls her father not wanting to vote with her during the 2012 Obama-Romney election after she faced intense online hate and backlash.,https://www.foxnews.com/entertainment/lena-dunham-says-her-dad-didnt-want-seen-voting-her-obama-election,"Mon, 13 Apr 2026 21:59:04 -0400",0.14597021,not_clickbait
Fox News,'Smart decision': Swalwell's resignation spurs praise from both parties after bombshell allegations emerge,"Rep. Eric Swalwell, D-Calif., announced he was planning to resign from Congress following sexual misconduct allegations, leading top Democrats in the U.S. Senate to praise the decision.",https://www.foxnews.com/politics/smart-decision-swalwells-resignation-spurs-praise-both-parties-bombshell-allegations,"Mon, 13 Apr 2026 21:53:21 -0400",0.1467078,not_clickbait
Fox News,"Los Angeles hotel industry 'struggling' under wage mandate signed by Mayor Karen Bass, new survey finds","An industry research report claims Los Angeles&apos; minimum wage mandate led to reduced hiring, labor hour cuts, and delayed hotel development as costs outpace revenue growth.",https://www.foxnews.com/media/los-angeles-hotel-industry-struggling-under-wage-mandate-signed-mayor-karen-bass-new-survey-finds,"Mon, 13 Apr 2026 21:30:29 -0400",0.11972681,not_clickbait
Fox News,"US military kills 2 suspected cartel operatives in latest Eastern Pacific lethal strike, SOUTHCOM says",The U.S. military killed two men believed to be cartel operatives in the Eastern Pacific as part of broader efforts to disrupt narcotics trafficking.,https://www.foxnews.com/us/us-military-kills-2-suspected-cartel-operatives-latest-eastern-pacific-lethal-strike-southcom-says,"Mon, 13 Apr 2026 21:13:32 -0400",0.1105888,not_clickbait
Fox News,Ro Khanna confronted by voter on California immigration policies in Jubilee appearance,"Rep. Ro Khanna faces off with speaker Marien over immigration enforcement, California border security, and Epstein scandal accountability standards.",https://www.foxnews.com/media/ro-khanna-confronted-ca-immigration-policies-jubilee-appearance,"Mon, 13 Apr 2026 21:00:14 -0400",0.19911204,not_clickbait
Fox News,Swalwell's 'best friend' in Congress turns on him after bombshell allegations torpedo his political career,"Sen. Ruben Gallego, D-Ariz., distanced himself from Rep. Eric Swalwell, D-Calif., calling him unfit for Congress after allegations of sexual assault and misconduct.",https://www.foxnews.com/politics/swalwells-best-friend-congress-turns-on-him-after-bombshell-allegations-torpedo-political-career,"Mon, 13 Apr 2026 20:54:07 -0400",0.27371565,ambiguous
Fox News,Dick Vitale announces fifth cancer diagnosis as biopsy confirms melanoma in his lung and liver cavity,Dick Vitale said he is confident he will go &quot;5 for 5&quot; after a biopsy confirmed melanoma in his lung and liver cavity for his fifth cancer diagnosis.,https://www.foxnews.com/sports/dick-vitale-announces-fifth-cancer-diagnosis-biopsy-confirms-melanoma-lung-liver-cavity,"Mon, 13 Apr 2026 20:30:23 -0400",0.10420756,not_clickbait
Fox News,Alec Baldwin admits he 'doesnât want to work anymore' after 'Rust' shooting death: 'I want to retire',"Alec Baldwin reflects on his career after the fatal &quot;Rust&quot; set shooting in 2021, saying the painful tragedy has left him wanting to retire and stay home.",https://www.foxnews.com/entertainment/alec-baldwin-admits-doesnt-want-work-anymore-rust-shooting-death-want-retire,"Mon, 13 Apr 2026 20:03:19 -0400",0.15939836,not_clickbait
Fox News,JD Vance says the ball is 'in Iranâs court' after Pakistan peace talks stall,"VP JD Vance rejects reports Pakistan talks failed, says Iran negotiations made progress but Iranian team was unable to finalize a deal in talks.",https://www.foxnews.com/media/jd-vance-says-ball-in-irans-court-after-pakistan-peace-talks-stall,"Mon, 13 Apr 2026 19:51:30 -0400",0.1023583,not_clickbait
Fox News,"WNBA player opposes new Olympics transgender policy, saying they do 'anything but' protect women",WNBA player Brianna Turner criticized the International Olympic Committee&apos;s new policies barring biologically male athletes in female sports in a USA Today op-ed.,https://www.foxnews.com/media/wnba-player-opposes-new-olympics-transgender-policy-saying-anything-protect-women,"Mon, 13 Apr 2026 19:48:24 -0400",0.17252678,not_clickbait
Fox News,DoorDash driver hails key Trump policy after delivering McDonald's to White House: 'I'm going to enjoy it',DoorDash driver Sharron Simmons says she hopes Trump&apos;s no-tax-on-tips benefit in the One Big Beautiful Bill extends beyond its current 2028 expiration.,https://www.foxnews.com/politics/doordash-driver-hails-key-trump-policy-after-delivering-mcdonalds-white-house,"Mon, 13 Apr 2026 19:15:42 -0400",0.18529034,not_clickbait
Fox News,Sydney Sweeneyâs âEuphoriaâ return sparks backlash as fans slam âhumiliatingâ storyline,"Viewers denounce &quot;Euphoria&apos;s&quot; creative direction after season three opener, saying Sydney Sweeney&apos;s provocative scenes as Cassie Howard are humiliating.",https://www.foxnews.com/entertainment/sydney-sweeneys-euphoria-return-sparks-backlash-fans-slam-humiliating-storyline,"Mon, 13 Apr 2026 19:13:38 -0400",0.14005105,not_clickbait
Fox News,"Popular airline rolls out free bag perk for certain travelers, but there's a catch","Southwest Airlines announced Sip and Ship, a new perk allowing customers to check one case of wine for free on flights to certain West Coast airports.",https://www.foxnews.com/food-drink/popular-airline-rolls-out-free-bag-perk-certain-travelers-theres-catch,"Mon, 13 Apr 2026 19:10:09 -0400",0.39887205,ambiguous
Fox News,Gabbard claims âcoordinated effortâ by intelligence community to advance narrative to impeach Trump,DNI Tulsi Gabbard releases declassified testimony she says exposes a coordinated effort to manufacture a narrative behind Trump&apos;s first impeachment.,https://www.foxnews.com/politics/gabbard-claims-coordinated-effort-intelligence-community-advance-narrative-impeach-trump,"Mon, 13 Apr 2026 19:06:32 -0400",0.16340554,not_clickbait
Fox News,"Sunny Hostin doesn't know if president is the 'right position' for Harris, urges her to reconsider CA governor","&quot;The View&quot; co-host Sunny Hostin said she wanted Kamala Harris to reconsider running for California governor, though co-host Ana Navarro noted the deadline passed for entering the race.",https://www.foxnews.com/media/sunny-hostin-doesnt-know-president-right-position-harris-urges-her-reconsider-ca-governor,"Mon, 13 Apr 2026 19:00:17 -0400",0.14348711,not_clickbait
Fox News,Embattled Rep Tony Gonzales announces plans to resign amid sexual misconduct allegations,"Rep. Tony Gonzales, R-Texas, will resign from Congress after facing sexual misconduct allegations.",https://www.foxnews.com/politics/embattled-rep-tony-gonzales-announces-plans-resign-sexual-misconduct-allegations,"Mon, 13 Apr 2026 18:54:39 -0400",0.104670145,not_clickbait
Fox News,Butler manâs online rants to kill Trump end in guilty plea after FBI probe,"Shawn Monper pleaded guilty to making threats to assassinate President Trump and kill ICE agents in posts on YouTube, according to the Justice Department.",https://www.foxnews.com/us/butler-mans-online-rants-kill-trump-end-guilty-plea-after-fbi-probe,"Mon, 13 Apr 2026 18:42:47 -0400",0.1523543,not_clickbait
Fox News,Aubrey Plaza confirms pregnancy with first child after personal challenges and health struggles,"Aubrey Plaza casually revealed she&apos;s pregnant with her first child on the Smartless podcast, saying she always wanted to see what motherhood is about.",https://www.foxnews.com/entertainment/aubrey-plaza-confirms-pregnancy-first-child-after-personal-challenges-health-struggles,"Mon, 13 Apr 2026 18:16:01 -0400",0.18455894,not_clickbait
Fox News,Mike Breen says fans 'deserve to be thrown a bone' as NBA cuts all local broadcasts from the playoffs,New York Knicks and ESPN announcer Mike Breen ripped the NBA for removing local broadcasters from the playoffs for the first time in league history as part of the new TV rights deal.,https://www.foxnews.com/sports/mike-breen-says-fans-deserve-thrown-bone-nba-cuts-local-broadcasts-playoffs,"Mon, 13 Apr 2026 18:14:09 -0400",0.12726572,not_clickbait
Fox News,TPUSA reporter Savanah Hernandez assaulted during Minneapolis ICE protest,Frontlines TPUSA reporter Savanah Hernandez was attaked while covering an ICE protest in Minneapolis outside the Whipple Federal Building.,https://www.foxnews.com/media/tpusa-reporter-savanah-hernandez-assaulted-during-minneapolis-ice-protest,"Mon, 13 Apr 2026 18:00:24 -0400",0.12163953,not_clickbait
Fox News,Swalwell announces resignation from Congress after sexual misconduct allegations torpedoed gubernatorial bid,Rep. Eric Swalwell announced his resignation from Congress following a bombshell Chronicle report and the collapse of his California governor campaign.,https://www.foxnews.com/politics/swalwell-announces-resignation-congress-amid-sexual-misconduct-allegations-torpedoed-gubernatorial-bid,"Mon, 13 Apr 2026 17:41:19 -0400",0.11262505,not_clickbait
Fox News,San Diego taco chain targeted by boycott over CEO's alleged Trump support,"Roberto&apos;s Taco Shop, a popular San Diego taco chain, faces left-wing backlash after a TikTok user alleged its CEO is a Donald Trump supporter.",https://www.foxnews.com/media/san-diego-taco-chain-80-plus-locations-targeted-boycott-ceos-alleged-trump-support,"Mon, 13 Apr 2026 17:30:52 -0400",0.13967945,not_clickbait
Fox News,Trumpâs McDonaldâs order comes with cash surprise for âDoorDash Grandmaâ outside White House,President Trump received a McDonald&apos;s delivery from a DoorDash driver in the Oval Office and tipped her $100 while promoting his no tax on tips policy.,https://www.foxnews.com/politics/trumps-mcdonalds-order-comes-cash-surprise-doordash-grandma-outside-white-house,"Mon, 13 Apr 2026 17:28:16 -0400",0.27142194,ambiguous
Fox News,"Cancer risk linked to common blood-related condition, research reveals",Research published in BMJ Journals links newly developed anemia to significantly higher chances of cancer diagnosis and all-cause mortality within 18 months.,https://www.foxnews.com/health/cancer-risk-linked-common-blood-related-condition-research-reveals,"Mon, 13 Apr 2026 17:20:52 -0400",0.29611754,ambiguous
Fox News,WATCH: Rowdy teenagers swarm DC Navy Yard in waterfront takeover despite police juvenile curfew zone,"D.C.&apos;s Navy Yard saw another teen takeover this weekend, prompting a juvenile curfew zone and increased police presence to address ongoing disruptions.",https://www.foxnews.com/us/watch-rowdy-teenagers-swarm-dc-navy-yard-waterfront-takeover-despite-police-juvenile-curfew-zone,"Mon, 13 Apr 2026 17:20:19 -0400",0.20038867,ambiguous
NPR,Man accused in Molotov cocktail attack of OpenAI CEO's home charged with attempted murder,"No one was injured at Altman's home or the company offices, authorities said.",https://www.npr.org/2026/04/13/g-s1-117320/openai-sam-altman-molotov-cocktail,"Mon, 13 Apr 2026 21:02:10 -0400",0.14447483,not_clickbait
NPR,Eric Swalwell will resign from Congress as he faces backlash over assault allegations,Swalwell's resignation follows allegations of sexual assault and misconduct made by multiple women against the California Democrat.,https://www.npr.org/2026/04/13/nx-s1-5784030/eric-swalwell-resigns-from-congress,"Mon, 13 Apr 2026 17:49:00 -0400",0.10792823,not_clickbait
NPR,"5 things to know about PÃ©ter Magyar, Hungary's new prime minister",Magyar ended Hungarian Prime Minister Viktor OrbÃ¡n's 16-year grip on power in a landslide victory on Sunday. The former OrbÃ¡n loyalist burst onto the scene as an opposition leader in 2024.,https://www.npr.org/2026/04/13/nx-s1-5783657/peter-magyar-hungary-prime-minister-orban-election,"Mon, 13 Apr 2026 13:56:07 -0400",0.36912435,ambiguous
NPR,Judge dismisses Trump's $10B lawsuit over the Wall Street Journal's Epstein reporting,"In the order issued Monday, the judge wrote that President Trump had failed to make the argument that the article, which described a letter to Epstein that the newspaper said bore Trump's signature, was published with the intent to be malicious.",https://www.npr.org/2026/04/13/g-s1-117248/judge-dismisses-trump-lawsuit-epstein-letter-wsj-story-murdoch,"Mon, 13 Apr 2026 11:55:09 -0400",0.12707967,not_clickbait
NPR,"Trump says U.S. will blockade Iranian ports. And, OrbÃ¡n loses Hungarian election","President Trump announced a blockade of Iranian ports after peace talks with Iran collapsed. And, Viktor OrbÃ¡n concedes defeat after 16 years in power in Hungary.",https://www.npr.org/2026/04/13/g-s1-117236/trump-says-u-s-will-blockade-iranian-ports-and-orban-loses-hungarian-election,"Mon, 13 Apr 2026 07:56:36 -0400",0.108303316,not_clickbait
NPR,Trump vows to sink Iranian ships approaching a U.S. blockade of Strait of Hormuz,"President Trump said the U.S. would interdict vessels that had paid what he called an ""illegal toll"" to Iran to cross the Strait of Hormuz.",https://www.npr.org/2026/04/13/nx-s1-5783445/iran-war-updates,"Mon, 13 Apr 2026 07:03:13 -0400",0.10345766,not_clickbait
NPR,Trump says U.S. will blockade Iranian ports after peace talks fail,"On Sunday, President Trump said the U.S. would blockade the Strait of Hormuz after negotiations between the U.S. and Iran broke down over the weekend.",https://www.npr.org/2026/04/13/nx-s1-5782654/trump-says-us-will-blockade-iranian-ports-after-peace-talks-fail,"Mon, 13 Apr 2026 06:44:32 -0400",0.100810766,not_clickbait
NPR,Retired U.S. Navy admiral on Trump's threat to blockade the Strait of Hormuz,"NPR's Michel Martin speaks to retired U.S. Navy Adm. James Foggo, dean of the Center for Maritime Strategy, about President Trump's command to blockade the Strait of Hormuz.",https://www.npr.org/2026/04/13/nx-s1-5780994/retired-us-navy-admiral-on-trumps-threat-to-blockade-the-strait-of-hormuz,"Mon, 13 Apr 2026 06:43:54 -0400",0.13229547,not_clickbait
NPR,Pope Leo brushes off Trump criticism amid growing VaticanâU.S. tensions over Iran war,"Pope Leo XIV says he will not be deterred by criticism from President Trump, vowing to continue his calls for peace as tensions escalate between the Vatican and Washington over the Iran conflict.",https://www.npr.org/2026/04/13/nx-s1-5780996/pope-leo-begins-tour-across-africa-row-with-trump-iran-war,"Mon, 13 Apr 2026 06:43:31 -0400",0.10458928,not_clickbait
NPR,What a chimpanzee 'civil war' can teach us about how societies fall apart,"A long-term study of the world's largest known community of chimpanzees has documented a rare event: what the researchers describe as the primate equivalent of a ""civil war.""",https://www.npr.org/2026/04/13/nx-s1-5781149/chimpanzee-civil-war-primate-conflict-anthropology,"Mon, 13 Apr 2026 06:00:00 -0400",0.5066204,ambiguous
The Verge,Daniel Moreno-Gama is facing federal charges for attacking Sam Altman&#8217;s home and OpenAIâs HQ,"Daniel Moreno-Gama is now facing federal charges after allegedly traveling from Texas to California with the intent to kill OpenAI CEO Sam Altman. On April 10th, he was arrested after throwing a Molotov cocktail at OpenAI CEO Sam Altman's home and attempting to break into OpenAI's headquarters. According to prosecutors, at the HQ, ""Moreno-Gama attempted [&#8230;]",https://www.theverge.com/ai-artificial-intelligence/911423/openai-sam-altman-attack,2026-04-13T20:02:38-04:00,0.10980201,not_clickbait
The Verge,The Mercedes EQS returns with massive range and charging gains,"A year ago, Mercedes-Benz did the prudent thing and paused its EQ lineup of electric vehicles in the US. With customer demand drying up for luxury EVs, and federal incentives getting axed by vengeful Republicans, Mercedes put its first-generation EVs on ice. But then, in January, Mercedes quietly reintroduced the EQS brand in the US, [&#8230;]",https://www.theverge.com/transportation/911196/mercedes-benz-eqs-ev-range-battery-charging-2027,2026-04-13T18:01:00-04:00,0.17993678,not_clickbait
The Verge,Justin Bieber&#8217;s YouTube Coachella set had nothing to do with who owns his music,"This past Saturday at the Coachella music festival, Justin Bieber played the first of two headlining sets in a deal reportedly worth $10 million. It was his most significant solo performance in years. But Bieber spent some of his time on stage the way many of us do on Saturday nights: on YouTube. For some [&#8230;]",https://www.theverge.com/entertainment/911340/justin-bieber-youtube-coachella,2026-04-13T17:19:10-04:00,0.3045605,ambiguous
The Verge,RAMageddon has come for Microsoft&#8217;s Surface Pro and Surface Laptop,"Microsoft just raised the prices across its line of Surface devices amid the global RAM shortage. Now, the 13-inch Surface Pro 11 and the 13.8-inch Surface Laptop 7 cost $500 more than their original starting price, going from $999 to $1,499, as reported earlier by Windows Central. Last year, Microsoft stopped selling the $999 versions [&#8230;]",https://www.theverge.com/tech/911322/microsoft-surface-price-increase-ram,2026-04-13T16:45:41-04:00,0.1721178,not_clickbait
The Verge,NZXT to pay $3.45 million settlement over Flex PC rentals,"NZXT and its business partner Fragile have agreed to pay $3.45 million to settle a class-action lawsuit that accused the companies of attempting to ""scam"" consumers through their Flex PC rental service. The preliminary settlement was filed in a California District Court on April 7th to close a civil RICO case against the Flex program [&#8230;]",https://www.theverge.com/tech/911297/nzxt-flex-pc-rental-settlement,2026-04-13T16:00:58-04:00,0.11322595,not_clickbait
The Verge,AI influencers are âeverywhereâ at Coachella,"Coachella kicked off on Friday, and as usual, it's the place to be for online influencers looking to show off their memorable experiences at the festival. A quick scroll through my social media feeds has already shown me many uncannily attractive figures in glitzy outfits, posing for perfectly staged photographs with celebrities. Only some of [&#8230;]",https://www.theverge.com/ai-artificial-intelligence/911267/ai-influencers-coachella,2026-04-13T15:53:46-04:00,0.39491117,ambiguous
The Verge,The Apple Watch Series 11 has returned to its best-ever price,"If youâre still holding onto an older Apple Watch, now might be a good time to upgrade. Right now, the 42mm Apple Watch Series 11 with GPS is on sale for around $299 ($100 off) at Amazon, Best Buy, and Target, which is its best price to date. If you prefer a larger size, the [&#8230;]",https://www.theverge.com/gadgets/911191/apple-watch-series-11-smartwatch-amazon-april-deal-sale,2026-04-13T14:48:17-04:00,0.31670284,ambiguous
The Verge,"Xbox Game Pass &#8216;has become too expensive,â says Microsoftâs new gaming chief in leaked memo","Microsoft's new Xbox chief, Asha Sharma, has signaled that Xbox Game Pass pricing is about to change. In an internal memo to Xbox employees, obtained by The Verge, Sharma admits that ""Game Pass has become too expensive for players"" and that Microsoft needs ""a better value equation."" ""Game Pass is central to gaming value on [&#8230;]",https://www.theverge.com/tech/911182/microsoft-xbox-game-pass-too-expensive-leaked-memo,2026-04-13T13:39:51-04:00,0.20104736,ambiguous
The Verge,You can make a multicolor MacBook Neo out of Apple&#8217;s spare parts,"If you're having trouble deciding on a color for a new MacBook Neo, you might not have to choose just one. The folks over at MacWorld found that Apple doesn't appear to limit the colors of spare parts you can buy for your Neo, potentially allowing you to deck out your indigo laptop with pink-tinted [&#8230;]",https://www.theverge.com/tech/911172/macbook-neo-apple-spare-parts-multicolor,2026-04-13T13:08:31-04:00,0.331959,ambiguous
The Verge,Read OpenAI&#8217;s latest internal memo about beating the competition â including Anthropic,"OpenAI's chief revenue officer, Denise Dresser, sent a four-page memo to employees on Sunday about the company's strategic direction, emphasizing the need to lock in users and grow its enterprise business. The memo, which was viewed by The Verge, repeatedly underlines the importance of building a moat around its AI products, to combat how easy [&#8230;]",https://www.theverge.com/ai-artificial-intelligence/911118/openai-memo-cro-ai-competition-anthropic,2026-04-13T12:21:08-04:00,0.3157689,ambiguous
